/**
  Auteurs:  Adrien Barth, Nair Alic
  Date:     07.04.2020
  Projet:   Teaching-HEIGVD-IOT-2020-Project-Air-Quality

  Création de la base de données et insertion de valeurs de test.
 */

DROP DATABASE IF EXISTS iot2020;
CREATE DATABASE iot2020;
USE iot2020;

CREATE TABLE devices
(
	EUI			varchar(100) not null unique primary key,
    name		varchar(100) not null,
    location	varchar(100) null,
    is_enabled 	tinyint(1) default 1 not null
);

CREATE TABLE sensors
(
    id				int auto_increment primary key,
    name			varchar(100) not null,
    fk_device_EUI 	varchar(100) not null,
    constraint sensors_devices_EUI_fk
        foreign key (fk_device_EUI) references devices (EUI)
);

CREATE TABLE sensorValues
(
    id				int auto_increment primary key,
	date			datetime not null,
    payload			float not null,
    fk_sensor_id 	int not null,
    constraint messages_sensors_id_fk
        foreign key (fk_sensor_id) references sensors (id)
);

INSERT INTO devices VALUES ("0004A30B0024D376", "airquality", "Lausanne", 1);
INSERT INTO devices VALUES ("0004A30B00215E8C", "blovis-environment-click", "Yverdon", 1);
INSERT INTO devices VALUES ("0004A30B0024A34D", "environment-2", "Vevey", 1);

INSERT INTO sensors VALUES (0, "sensor1", "0004A30B0024D376");
INSERT INTO sensors VALUES (0, "sensor2", "0004A30B0024D376");
INSERT INTO sensors VALUES (0, "sensor3", "0004A30B0024D376");
INSERT INTO sensors VALUES (0, "sensor4", "0004A30B0024D376");

INSERT INTO sensors VALUES (0, "pressure", "0004A30B00215E8C");
INSERT INTO sensors VALUES (0, "temp", "0004A30B00215E8C");
INSERT INTO sensors VALUES (0, "humidity", "0004A30B00215E8C");
INSERT INTO sensors VALUES (0, "uv", "0004A30B00215E8C");

INSERT INTO sensors VALUES (0, "co2", "0004A30B0024A34D");
INSERT INTO sensors VALUES (0, "oooo2", "0004A30B0024A34D");

insert into sensorValues (id, date, payload, fk_sensor_id) values (1, '2019-07-08 10:59:32', 9893, 3);
insert into sensorValues (id, date, payload, fk_sensor_id) values (2, '2019-07-29 10:10:49', 6646, 2);
insert into sensorValues (id, date, payload, fk_sensor_id) values (3, '2019-11-24 18:20:04', 6908, 2);
insert into sensorValues (id, date, payload, fk_sensor_id) values (4, '2019-07-28 02:54:44', 4287, 1);
insert into sensorValues (id, date, payload, fk_sensor_id) values (5, '2019-11-26 20:37:04', 1834, 3);
insert into sensorValues (id, date, payload, fk_sensor_id) values (6, '2019-11-21 22:05:06', 7797, 2);
insert into sensorValues (id, date, payload, fk_sensor_id) values (7, '2019-11-06 10:12:10', 2787, 2);
insert into sensorValues (id, date, payload, fk_sensor_id) values (8, '2020-01-25 04:11:25', 2350, 2);
insert into sensorValues (id, date, payload, fk_sensor_id) values (9, '2019-06-02 13:16:13', 8781, 3);
insert into sensorValues (id, date, payload, fk_sensor_id) values (10, '2019-05-22 08:25:50', 8902, 1);
insert into sensorValues (id, date, payload, fk_sensor_id) values (11, '2019-07-05 16:53:17', 510, 2);
insert into sensorValues (id, date, payload, fk_sensor_id) values (12, '2019-08-20 23:08:15', 5890, 2);
insert into sensorValues (id, date, payload, fk_sensor_id) values (13, '2019-12-28 21:44:02', 8814, 2);
insert into sensorValues (id, date, payload, fk_sensor_id) values (14, '2019-08-18 12:08:06', 652, 2);
insert into sensorValues (id, date, payload, fk_sensor_id) values (15, '2020-01-12 16:32:08', 6038, 2);
insert into sensorValues (id, date, payload, fk_sensor_id) values (16, '2019-07-01 08:42:25', 5541, 2);
insert into sensorValues (id, date, payload, fk_sensor_id) values (17, '2019-12-11 09:16:32', 4175, 2);
insert into sensorValues (id, date, payload, fk_sensor_id) values (18, '2020-03-11 00:10:23', 4925, 2);
insert into sensorValues (id, date, payload, fk_sensor_id) values (19, '2020-02-27 06:55:19', 5429, 2);
insert into sensorValues (id, date, payload, fk_sensor_id) values (20, '2019-10-26 14:03:31', 288, 2);
insert into sensorValues (id, date, payload, fk_sensor_id) values (21, '2019-09-20 08:58:02', 1536, 2);
insert into sensorValues (id, date, payload, fk_sensor_id) values (22, '2019-06-02 23:07:00', 7090, 3);
insert into sensorValues (id, date, payload, fk_sensor_id) values (23, '2020-01-02 19:58:08', 9980, 3);
insert into sensorValues (id, date, payload, fk_sensor_id) values (24, '2019-11-05 07:07:01', 9278, 2);
insert into sensorValues (id, date, payload, fk_sensor_id) values (25, '2019-07-12 07:58:01', 3707, 1);
insert into sensorValues (id, date, payload, fk_sensor_id) values (26, '2020-04-15 23:02:25', 3991, 3);
insert into sensorValues (id, date, payload, fk_sensor_id) values (27, '2019-09-01 13:06:59', 5870, 1);
insert into sensorValues (id, date, payload, fk_sensor_id) values (28, '2019-08-26 19:52:43', 7523, 3);
insert into sensorValues (id, date, payload, fk_sensor_id) values (29, '2019-07-04 13:06:15', 47, 2);
insert into sensorValues (id, date, payload, fk_sensor_id) values (30, '2019-12-23 05:49:08', 7923, 2);
insert into sensorValues (id, date, payload, fk_sensor_id) values (31, '2020-04-03 12:44:59', 317, 1);
insert into sensorValues (id, date, payload, fk_sensor_id) values (32, '2019-11-30 23:50:00', 7667, 2);
insert into sensorValues (id, date, payload, fk_sensor_id) values (33, '2019-10-28 16:48:52', 4955, 1);
insert into sensorValues (id, date, payload, fk_sensor_id) values (34, '2020-02-19 00:47:32', 7189, 3);
insert into sensorValues (id, date, payload, fk_sensor_id) values (35, '2019-09-08 22:40:52', 1811, 2);
insert into sensorValues (id, date, payload, fk_sensor_id) values (36, '2019-07-04 05:51:50', 5937, 1);
insert into sensorValues (id, date, payload, fk_sensor_id) values (37, '2019-06-09 06:48:50', 814, 3);
insert into sensorValues (id, date, payload, fk_sensor_id) values (38, '2019-08-20 23:26:28', 613, 2);
insert into sensorValues (id, date, payload, fk_sensor_id) values (39, '2020-01-12 06:18:19', 2947, 2);
insert into sensorValues (id, date, payload, fk_sensor_id) values (40, '2019-08-31 10:09:14', 6638, 1);
insert into sensorValues (id, date, payload, fk_sensor_id) values (41, '2019-12-12 19:28:40', 8028, 1);
insert into sensorValues (id, date, payload, fk_sensor_id) values (42, '2019-09-24 20:25:22', 6111, 3);
insert into sensorValues (id, date, payload, fk_sensor_id) values (43, '2019-04-22 10:06:39', 9135, 2);
insert into sensorValues (id, date, payload, fk_sensor_id) values (44, '2020-03-10 19:36:21', 6435, 1);
insert into sensorValues (id, date, payload, fk_sensor_id) values (45, '2020-03-14 06:50:38', 4171, 1);
insert into sensorValues (id, date, payload, fk_sensor_id) values (46, '2019-09-06 21:51:03', 7154, 2);
insert into sensorValues (id, date, payload, fk_sensor_id) values (47, '2019-10-01 21:22:28', 3723, 2);
insert into sensorValues (id, date, payload, fk_sensor_id) values (48, '2019-10-12 14:12:08', 3267, 1);
insert into sensorValues (id, date, payload, fk_sensor_id) values (49, '2019-06-23 14:47:38', 2295, 1);
insert into sensorValues (id, date, payload, fk_sensor_id) values (50, '2019-09-10 20:29:41', 3214, 3);
insert into sensorValues (id, date, payload, fk_sensor_id) values (51, '2020-01-16 04:48:32', 5869, 3);
insert into sensorValues (id, date, payload, fk_sensor_id) values (52, '2019-05-11 05:09:14', 4233, 2);
insert into sensorValues (id, date, payload, fk_sensor_id) values (53, '2019-09-10 00:55:05', 471, 1);
insert into sensorValues (id, date, payload, fk_sensor_id) values (54, '2019-08-07 07:32:43', 7908, 1);
insert into sensorValues (id, date, payload, fk_sensor_id) values (55, '2019-09-25 06:39:52', 7164, 2);
insert into sensorValues (id, date, payload, fk_sensor_id) values (56, '2019-10-18 18:30:46', 103, 2);
insert into sensorValues (id, date, payload, fk_sensor_id) values (57, '2020-02-08 05:07:42', 5381, 2);
insert into sensorValues (id, date, payload, fk_sensor_id) values (58, '2019-09-04 06:20:49', 1308, 3);
insert into sensorValues (id, date, payload, fk_sensor_id) values (59, '2019-06-11 17:58:06', 8449, 1);
insert into sensorValues (id, date, payload, fk_sensor_id) values (60, '2019-11-02 00:18:19', 3882, 3);
insert into sensorValues (id, date, payload, fk_sensor_id) values (61, '2019-11-19 23:20:46', 2045, 3);
insert into sensorValues (id, date, payload, fk_sensor_id) values (62, '2019-10-26 12:19:53', 7290, 3);
insert into sensorValues (id, date, payload, fk_sensor_id) values (63, '2019-12-20 21:51:37', 6194, 3);
insert into sensorValues (id, date, payload, fk_sensor_id) values (64, '2020-03-20 14:33:24', 5919, 1);
insert into sensorValues (id, date, payload, fk_sensor_id) values (65, '2019-05-14 20:14:49', 3744, 1);
insert into sensorValues (id, date, payload, fk_sensor_id) values (66, '2019-09-04 11:11:43', 1748, 2);
insert into sensorValues (id, date, payload, fk_sensor_id) values (67, '2020-03-01 20:50:59', 279, 2);
insert into sensorValues (id, date, payload, fk_sensor_id) values (68, '2019-11-13 19:42:41', 4427, 2);
insert into sensorValues (id, date, payload, fk_sensor_id) values (69, '2019-10-01 22:09:09', 4303, 2);
insert into sensorValues (id, date, payload, fk_sensor_id) values (70, '2019-12-11 19:24:10', 3573, 3);
insert into sensorValues (id, date, payload, fk_sensor_id) values (71, '2020-03-23 05:16:08', 6883, 1);
insert into sensorValues (id, date, payload, fk_sensor_id) values (72, '2019-07-24 00:03:50', 3742, 1);
insert into sensorValues (id, date, payload, fk_sensor_id) values (73, '2020-02-25 03:58:36', 3505, 3);
insert into sensorValues (id, date, payload, fk_sensor_id) values (74, '2020-04-13 23:06:01', 6080, 3);
insert into sensorValues (id, date, payload, fk_sensor_id) values (75, '2020-02-27 16:42:22', 9695, 3);
insert into sensorValues (id, date, payload, fk_sensor_id) values (76, '2019-12-07 09:48:55', 1417, 2);
insert into sensorValues (id, date, payload, fk_sensor_id) values (77, '2019-10-23 12:06:51', 7012, 1);
insert into sensorValues (id, date, payload, fk_sensor_id) values (78, '2019-11-17 22:00:41', -43, 2);
insert into sensorValues (id, date, payload, fk_sensor_id) values (79, '2020-04-13 17:20:21', 6070, 3);
insert into sensorValues (id, date, payload, fk_sensor_id) values (80, '2019-10-19 19:42:45', 5931, 1);
insert into sensorValues (id, date, payload, fk_sensor_id) values (81, '2020-02-15 09:02:12', 1866, 3);
insert into sensorValues (id, date, payload, fk_sensor_id) values (82, '2019-06-17 10:48:53', 5434, 2);
insert into sensorValues (id, date, payload, fk_sensor_id) values (83, '2019-05-09 12:31:03', 9956, 1);
insert into sensorValues (id, date, payload, fk_sensor_id) values (84, '2019-12-11 04:48:58', 5463, 3);
insert into sensorValues (id, date, payload, fk_sensor_id) values (85, '2019-08-05 03:00:50', 2517, 2);
insert into sensorValues (id, date, payload, fk_sensor_id) values (86, '2020-01-06 20:35:19', 2047, 1);
insert into sensorValues (id, date, payload, fk_sensor_id) values (87, '2020-02-27 17:11:26', 8786, 1);
insert into sensorValues (id, date, payload, fk_sensor_id) values (88, '2019-04-25 11:17:06', 6862, 1);
insert into sensorValues (id, date, payload, fk_sensor_id) values (89, '2020-02-22 11:01:31', 3866, 3);
insert into sensorValues (id, date, payload, fk_sensor_id) values (90, '2019-06-19 02:54:40', 5412, 3);
insert into sensorValues (id, date, payload, fk_sensor_id) values (91, '2019-05-28 19:42:33', -51, 2);
insert into sensorValues (id, date, payload, fk_sensor_id) values (92, '2019-05-10 20:09:36', 5837, 2);
insert into sensorValues (id, date, payload, fk_sensor_id) values (93, '2019-08-09 16:26:41', 6063, 2);
insert into sensorValues (id, date, payload, fk_sensor_id) values (94, '2019-11-22 23:24:23', 6660, 1);
insert into sensorValues (id, date, payload, fk_sensor_id) values (95, '2019-06-13 14:32:03', 4132, 2);
insert into sensorValues (id, date, payload, fk_sensor_id) values (96, '2019-06-29 01:50:50', 1971, 2);
insert into sensorValues (id, date, payload, fk_sensor_id) values (97, '2019-10-19 04:39:06', 443, 2);
insert into sensorValues (id, date, payload, fk_sensor_id) values (98, '2020-01-02 13:57:38', 3472, 2);
insert into sensorValues (id, date, payload, fk_sensor_id) values (99, '2019-10-05 21:52:08', 3061, 2);
insert into sensorValues (id, date, payload, fk_sensor_id) values (100, '2019-07-17 12:00:43', 5577, 1);
insert into sensorValues (id, date, payload, fk_sensor_id) values (101, '2020-01-25 02:21:06', 7838, 1);
insert into sensorValues (id, date, payload, fk_sensor_id) values (102, '2019-08-22 00:34:55', -85, 3);
insert into sensorValues (id, date, payload, fk_sensor_id) values (103, '2019-09-17 13:22:42', 747, 1);
insert into sensorValues (id, date, payload, fk_sensor_id) values (104, '2020-02-03 11:14:00', 92, 1);
insert into sensorValues (id, date, payload, fk_sensor_id) values (105, '2019-12-29 16:28:11', 7133, 3);
insert into sensorValues (id, date, payload, fk_sensor_id) values (106, '2019-11-26 12:27:05', 5289, 3);
insert into sensorValues (id, date, payload, fk_sensor_id) values (107, '2020-02-16 22:50:42', 904, 1);
insert into sensorValues (id, date, payload, fk_sensor_id) values (108, '2019-12-16 09:17:52', 1922, 1);
insert into sensorValues (id, date, payload, fk_sensor_id) values (109, '2020-03-12 09:55:55', 6534, 3);
insert into sensorValues (id, date, payload, fk_sensor_id) values (110, '2019-05-27 10:47:27', 8689, 1);
insert into sensorValues (id, date, payload, fk_sensor_id) values (111, '2020-01-05 17:15:31', 9578, 1);
insert into sensorValues (id, date, payload, fk_sensor_id) values (112, '2019-09-07 22:17:05', 4683, 2);
insert into sensorValues (id, date, payload, fk_sensor_id) values (113, '2019-06-20 20:34:01', 8222, 3);
insert into sensorValues (id, date, payload, fk_sensor_id) values (114, '2019-07-26 04:14:56', 9751, 1);
insert into sensorValues (id, date, payload, fk_sensor_id) values (115, '2019-05-21 17:47:01', 9825, 1);
insert into sensorValues (id, date, payload, fk_sensor_id) values (116, '2019-04-22 17:30:59', 7291, 3);
insert into sensorValues (id, date, payload, fk_sensor_id) values (117, '2019-09-05 23:15:54', 450, 2);
insert into sensorValues (id, date, payload, fk_sensor_id) values (118, '2019-10-09 05:40:27', 1562, 1);
insert into sensorValues (id, date, payload, fk_sensor_id) values (119, '2020-01-28 03:56:19', 9017, 3);
insert into sensorValues (id, date, payload, fk_sensor_id) values (120, '2019-10-30 13:12:05', 9584, 1);
insert into sensorValues (id, date, payload, fk_sensor_id) values (121, '2020-04-07 13:28:28', 8840, 2);
insert into sensorValues (id, date, payload, fk_sensor_id) values (122, '2020-04-19 03:07:59', 8041, 3);
insert into sensorValues (id, date, payload, fk_sensor_id) values (123, '2019-10-30 13:49:34', 2119, 3);
insert into sensorValues (id, date, payload, fk_sensor_id) values (124, '2019-05-25 16:10:35', 7327, 1);
insert into sensorValues (id, date, payload, fk_sensor_id) values (125, '2020-01-05 05:39:25', 3707, 2);
insert into sensorValues (id, date, payload, fk_sensor_id) values (126, '2019-10-10 09:14:47', 6896, 1);
insert into sensorValues (id, date, payload, fk_sensor_id) values (127, '2019-11-02 11:32:00', 6895, 2);
insert into sensorValues (id, date, payload, fk_sensor_id) values (128, '2019-10-01 12:08:34', 4013, 2);
insert into sensorValues (id, date, payload, fk_sensor_id) values (129, '2019-09-30 09:04:59', 3643, 2);
insert into sensorValues (id, date, payload, fk_sensor_id) values (130, '2020-02-12 15:17:24', 4330, 1);
insert into sensorValues (id, date, payload, fk_sensor_id) values (131, '2019-07-12 07:42:01', 470, 3);
insert into sensorValues (id, date, payload, fk_sensor_id) values (132, '2019-12-13 23:37:55', 350, 2);
insert into sensorValues (id, date, payload, fk_sensor_id) values (133, '2020-03-02 09:35:49', 9478, 1);
insert into sensorValues (id, date, payload, fk_sensor_id) values (134, '2020-02-14 13:11:48', 2309, 3);
insert into sensorValues (id, date, payload, fk_sensor_id) values (135, '2019-08-02 10:54:01', 7243, 2);
insert into sensorValues (id, date, payload, fk_sensor_id) values (136, '2019-09-25 00:54:16', 5817, 3);
insert into sensorValues (id, date, payload, fk_sensor_id) values (137, '2019-10-01 03:38:50', 1153, 1);
insert into sensorValues (id, date, payload, fk_sensor_id) values (138, '2019-10-21 16:00:03', 4934, 3);
insert into sensorValues (id, date, payload, fk_sensor_id) values (139, '2019-04-20 03:19:31', 3092, 3);
insert into sensorValues (id, date, payload, fk_sensor_id) values (140, '2019-10-24 19:48:42', 6222, 3);
insert into sensorValues (id, date, payload, fk_sensor_id) values (141, '2019-07-22 04:58:25', 7753, 1);
insert into sensorValues (id, date, payload, fk_sensor_id) values (142, '2019-06-23 10:10:55', 9100, 1);
insert into sensorValues (id, date, payload, fk_sensor_id) values (143, '2019-08-03 09:42:10', 9584, 3);
insert into sensorValues (id, date, payload, fk_sensor_id) values (144, '2020-04-03 02:45:23', 7555, 1);
insert into sensorValues (id, date, payload, fk_sensor_id) values (145, '2019-07-08 09:22:03', 7673, 2);
insert into sensorValues (id, date, payload, fk_sensor_id) values (146, '2019-11-01 16:41:32', 5435, 3);
insert into sensorValues (id, date, payload, fk_sensor_id) values (147, '2019-08-24 15:33:41', 6331, 3);
insert into sensorValues (id, date, payload, fk_sensor_id) values (148, '2020-01-07 23:18:40', 8195, 1);
insert into sensorValues (id, date, payload, fk_sensor_id) values (149, '2019-10-10 10:51:55', 4106, 3);
insert into sensorValues (id, date, payload, fk_sensor_id) values (150, '2019-09-01 09:49:37', 116, 1);
insert into sensorValues (id, date, payload, fk_sensor_id) values (151, '2019-10-14 13:26:11', 3472, 1);
insert into sensorValues (id, date, payload, fk_sensor_id) values (152, '2020-03-17 03:37:28', 5465, 3);
insert into sensorValues (id, date, payload, fk_sensor_id) values (153, '2020-04-19 19:30:23', 4441, 3);
insert into sensorValues (id, date, payload, fk_sensor_id) values (154, '2019-10-12 17:05:30', 31, 2);
insert into sensorValues (id, date, payload, fk_sensor_id) values (155, '2020-02-02 11:04:35', 1476, 3);
insert into sensorValues (id, date, payload, fk_sensor_id) values (156, '2019-10-15 02:20:05', 9407, 2);
insert into sensorValues (id, date, payload, fk_sensor_id) values (157, '2020-01-06 04:09:04', 4486, 1);
insert into sensorValues (id, date, payload, fk_sensor_id) values (158, '2019-05-21 12:15:47', 2441, 2);
insert into sensorValues (id, date, payload, fk_sensor_id) values (159, '2019-06-20 15:45:36', 8841, 2);
insert into sensorValues (id, date, payload, fk_sensor_id) values (160, '2020-02-28 07:43:48', 683, 3);
insert into sensorValues (id, date, payload, fk_sensor_id) values (161, '2019-10-09 21:32:31', 6039, 2);
insert into sensorValues (id, date, payload, fk_sensor_id) values (162, '2019-09-15 01:01:42', 3158, 2);
insert into sensorValues (id, date, payload, fk_sensor_id) values (163, '2019-11-12 18:18:00', 7470, 2);
insert into sensorValues (id, date, payload, fk_sensor_id) values (164, '2019-09-12 03:35:41', 7317, 1);
insert into sensorValues (id, date, payload, fk_sensor_id) values (165, '2019-10-05 17:19:24', 8602, 3);
insert into sensorValues (id, date, payload, fk_sensor_id) values (166, '2019-08-11 19:42:29', 5614, 3);
insert into sensorValues (id, date, payload, fk_sensor_id) values (167, '2020-01-17 18:59:49', 4491, 3);
insert into sensorValues (id, date, payload, fk_sensor_id) values (168, '2019-05-24 04:51:05', 4082, 3);
insert into sensorValues (id, date, payload, fk_sensor_id) values (169, '2020-02-22 07:35:20', 936, 3);
insert into sensorValues (id, date, payload, fk_sensor_id) values (170, '2019-04-24 05:49:46', 3191, 3);
insert into sensorValues (id, date, payload, fk_sensor_id) values (171, '2020-02-25 00:33:51', 6739, 3);
insert into sensorValues (id, date, payload, fk_sensor_id) values (172, '2019-06-28 03:08:53', 854, 1);
insert into sensorValues (id, date, payload, fk_sensor_id) values (173, '2019-07-20 23:49:52', 675, 2);
insert into sensorValues (id, date, payload, fk_sensor_id) values (174, '2020-04-11 02:25:12', 7840, 3);
insert into sensorValues (id, date, payload, fk_sensor_id) values (175, '2019-09-01 09:52:25', 3204, 3);
insert into sensorValues (id, date, payload, fk_sensor_id) values (176, '2020-02-14 09:21:42', 7671, 3);
insert into sensorValues (id, date, payload, fk_sensor_id) values (177, '2019-11-03 10:30:53', 8980, 1);
insert into sensorValues (id, date, payload, fk_sensor_id) values (178, '2019-10-30 05:59:05', 4039, 1);
insert into sensorValues (id, date, payload, fk_sensor_id) values (179, '2020-01-16 16:46:54', 3897, 1);
insert into sensorValues (id, date, payload, fk_sensor_id) values (180, '2019-10-21 10:38:26', 4607, 1);
insert into sensorValues (id, date, payload, fk_sensor_id) values (181, '2020-01-30 16:26:24', 2165, 1);
insert into sensorValues (id, date, payload, fk_sensor_id) values (182, '2019-10-18 11:47:45', 3430, 3);
insert into sensorValues (id, date, payload, fk_sensor_id) values (183, '2019-07-29 13:06:13', 3643, 1);
insert into sensorValues (id, date, payload, fk_sensor_id) values (184, '2019-07-20 07:23:29', 6084, 1);
insert into sensorValues (id, date, payload, fk_sensor_id) values (185, '2019-07-17 19:21:52', 9373, 1);
insert into sensorValues (id, date, payload, fk_sensor_id) values (186, '2019-11-15 02:30:03', 3027, 2);
insert into sensorValues (id, date, payload, fk_sensor_id) values (187, '2019-06-01 01:17:49', 2875, 3);
insert into sensorValues (id, date, payload, fk_sensor_id) values (188, '2019-09-01 16:36:21', 760, 1);
insert into sensorValues (id, date, payload, fk_sensor_id) values (189, '2019-11-18 20:52:24', 4430, 2);
insert into sensorValues (id, date, payload, fk_sensor_id) values (190, '2019-11-24 05:10:07', 9591, 3);
insert into sensorValues (id, date, payload, fk_sensor_id) values (191, '2019-05-27 07:36:20', 8997, 3);
insert into sensorValues (id, date, payload, fk_sensor_id) values (192, '2019-05-06 08:25:19', 8974, 3);
insert into sensorValues (id, date, payload, fk_sensor_id) values (193, '2019-09-03 15:01:28', 1770, 3);
insert into sensorValues (id, date, payload, fk_sensor_id) values (194, '2020-02-21 12:20:57', 5182, 1);
insert into sensorValues (id, date, payload, fk_sensor_id) values (195, '2019-08-29 09:09:40', 431, 2);
insert into sensorValues (id, date, payload, fk_sensor_id) values (196, '2019-11-03 02:06:23', 2411, 2);
insert into sensorValues (id, date, payload, fk_sensor_id) values (197, '2020-02-16 04:15:07', 9393, 1);
insert into sensorValues (id, date, payload, fk_sensor_id) values (198, '2019-04-25 00:45:11', 3699, 3);
insert into sensorValues (id, date, payload, fk_sensor_id) values (199, '2019-08-07 09:02:59', 2134, 3);
insert into sensorValues (id, date, payload, fk_sensor_id) values (200, '2020-04-16 20:22:50', 8915, 1);
insert into sensorValues (id, date, payload, fk_sensor_id) values (201, '2019-07-17 22:07:18', 5427, 3);
insert into sensorValues (id, date, payload, fk_sensor_id) values (202, '2019-11-12 14:42:07', 4923, 1);
insert into sensorValues (id, date, payload, fk_sensor_id) values (203, '2019-04-21 03:13:44', 3640, 2);
insert into sensorValues (id, date, payload, fk_sensor_id) values (204, '2019-05-23 01:25:32', 5606, 2);
insert into sensorValues (id, date, payload, fk_sensor_id) values (205, '2020-03-29 20:11:53', 8916, 1);
insert into sensorValues (id, date, payload, fk_sensor_id) values (206, '2019-09-09 16:33:14', 3982, 1);
insert into sensorValues (id, date, payload, fk_sensor_id) values (207, '2019-07-24 00:26:33', 374, 3);
insert into sensorValues (id, date, payload, fk_sensor_id) values (208, '2020-01-08 23:50:32', 4044, 3);
insert into sensorValues (id, date, payload, fk_sensor_id) values (209, '2019-12-04 04:23:21', 8634, 2);
insert into sensorValues (id, date, payload, fk_sensor_id) values (210, '2019-09-30 19:55:37', 1760, 2);
insert into sensorValues (id, date, payload, fk_sensor_id) values (211, '2019-07-23 04:34:51', 5390, 1);
insert into sensorValues (id, date, payload, fk_sensor_id) values (212, '2020-04-09 20:44:10', 9874, 3);
insert into sensorValues (id, date, payload, fk_sensor_id) values (213, '2019-08-28 12:29:30', 4264, 1);
insert into sensorValues (id, date, payload, fk_sensor_id) values (214, '2019-06-26 08:47:00', 3645, 1);
insert into sensorValues (id, date, payload, fk_sensor_id) values (215, '2019-06-12 06:53:38', 6621, 3);
insert into sensorValues (id, date, payload, fk_sensor_id) values (216, '2019-07-22 19:19:33', 8534, 2);
insert into sensorValues (id, date, payload, fk_sensor_id) values (217, '2020-01-04 12:57:55', 3359, 2);
insert into sensorValues (id, date, payload, fk_sensor_id) values (218, '2020-03-12 21:25:04', 7186, 2);
insert into sensorValues (id, date, payload, fk_sensor_id) values (219, '2019-09-27 01:07:33', 2625, 1);
insert into sensorValues (id, date, payload, fk_sensor_id) values (220, '2019-05-29 15:28:11', 3004, 2);
insert into sensorValues (id, date, payload, fk_sensor_id) values (221, '2019-11-06 20:23:29', 1945, 1);
insert into sensorValues (id, date, payload, fk_sensor_id) values (222, '2019-09-10 04:08:12', 506, 2);
insert into sensorValues (id, date, payload, fk_sensor_id) values (223, '2019-08-28 05:23:24', 8105, 2);
insert into sensorValues (id, date, payload, fk_sensor_id) values (224, '2019-11-07 17:16:22', 5306, 1);
insert into sensorValues (id, date, payload, fk_sensor_id) values (225, '2020-01-31 21:20:22', 3232, 1);
insert into sensorValues (id, date, payload, fk_sensor_id) values (226, '2019-05-08 05:55:12', 9323, 3);
insert into sensorValues (id, date, payload, fk_sensor_id) values (227, '2019-12-19 08:04:35', 4143, 2);
insert into sensorValues (id, date, payload, fk_sensor_id) values (228, '2020-04-16 04:42:39', 2209, 2);
insert into sensorValues (id, date, payload, fk_sensor_id) values (229, '2019-08-31 16:59:23', 1363, 3);
insert into sensorValues (id, date, payload, fk_sensor_id) values (230, '2019-12-13 12:03:25', 4936, 3);
insert into sensorValues (id, date, payload, fk_sensor_id) values (231, '2019-11-12 21:34:28', 3633, 2);
insert into sensorValues (id, date, payload, fk_sensor_id) values (232, '2019-10-19 03:04:13', 9039, 1);
insert into sensorValues (id, date, payload, fk_sensor_id) values (233, '2020-04-19 15:49:03', -14, 2);
insert into sensorValues (id, date, payload, fk_sensor_id) values (234, '2019-05-18 11:08:33', 6990, 3);
insert into sensorValues (id, date, payload, fk_sensor_id) values (235, '2020-03-19 23:17:51', 3329, 1);
insert into sensorValues (id, date, payload, fk_sensor_id) values (236, '2019-08-22 10:59:41', 6972, 3);
insert into sensorValues (id, date, payload, fk_sensor_id) values (237, '2019-11-27 20:25:48', 8119, 1);
insert into sensorValues (id, date, payload, fk_sensor_id) values (238, '2019-05-08 11:54:25', 5948, 3);
insert into sensorValues (id, date, payload, fk_sensor_id) values (239, '2019-05-23 23:10:06', 7138, 2);
insert into sensorValues (id, date, payload, fk_sensor_id) values (240, '2020-04-19 07:58:31', 7253, 3);
insert into sensorValues (id, date, payload, fk_sensor_id) values (241, '2019-10-16 18:17:01', 5025, 1);
insert into sensorValues (id, date, payload, fk_sensor_id) values (242, '2020-01-19 13:07:18', 2843, 3);
insert into sensorValues (id, date, payload, fk_sensor_id) values (243, '2019-12-25 17:24:15', 2537, 1);
insert into sensorValues (id, date, payload, fk_sensor_id) values (244, '2020-01-22 17:55:26', 3635, 2);
insert into sensorValues (id, date, payload, fk_sensor_id) values (245, '2019-06-15 18:20:45', 4249, 1);
insert into sensorValues (id, date, payload, fk_sensor_id) values (246, '2019-11-11 07:58:13', 6490, 1);
insert into sensorValues (id, date, payload, fk_sensor_id) values (247, '2019-07-26 22:48:52', 6313, 3);
insert into sensorValues (id, date, payload, fk_sensor_id) values (248, '2020-02-05 14:54:49', 4179, 1);
insert into sensorValues (id, date, payload, fk_sensor_id) values (249, '2019-11-07 13:30:56', 1587, 3);
insert into sensorValues (id, date, payload, fk_sensor_id) values (250, '2020-01-07 17:46:05', 375, 3);
insert into sensorValues (id, date, payload, fk_sensor_id) values (251, '2019-10-24 23:44:05', 5171, 1);
insert into sensorValues (id, date, payload, fk_sensor_id) values (252, '2019-07-03 02:26:54', 8507, 2);
insert into sensorValues (id, date, payload, fk_sensor_id) values (253, '2019-06-12 21:45:41', 6998, 3);
insert into sensorValues (id, date, payload, fk_sensor_id) values (254, '2019-07-31 07:59:04', 1360, 2);
insert into sensorValues (id, date, payload, fk_sensor_id) values (255, '2019-07-22 04:03:10', 4800, 3);
insert into sensorValues (id, date, payload, fk_sensor_id) values (256, '2020-04-08 03:36:30', 1533, 2);
insert into sensorValues (id, date, payload, fk_sensor_id) values (257, '2019-12-29 15:27:28', 7495, 1);
insert into sensorValues (id, date, payload, fk_sensor_id) values (258, '2019-09-26 18:13:34', 9193, 3);
insert into sensorValues (id, date, payload, fk_sensor_id) values (259, '2020-01-18 20:43:20', 9063, 2);
insert into sensorValues (id, date, payload, fk_sensor_id) values (260, '2019-08-11 14:48:39', 1875, 1);
insert into sensorValues (id, date, payload, fk_sensor_id) values (261, '2019-12-18 18:43:14', 6209, 1);
insert into sensorValues (id, date, payload, fk_sensor_id) values (262, '2019-12-03 16:22:06', 6681, 2);
insert into sensorValues (id, date, payload, fk_sensor_id) values (263, '2019-09-21 22:42:04', 57, 3);
insert into sensorValues (id, date, payload, fk_sensor_id) values (264, '2019-11-11 18:40:38', 3352, 3);
insert into sensorValues (id, date, payload, fk_sensor_id) values (265, '2019-12-27 13:46:15', 9089, 2);
insert into sensorValues (id, date, payload, fk_sensor_id) values (266, '2019-09-19 14:06:00', 7384, 1);
insert into sensorValues (id, date, payload, fk_sensor_id) values (267, '2019-07-24 09:50:49', 6550, 2);
insert into sensorValues (id, date, payload, fk_sensor_id) values (268, '2019-08-23 08:40:15', 7601, 1);
insert into sensorValues (id, date, payload, fk_sensor_id) values (269, '2020-03-12 14:06:17', 5374, 1);
insert into sensorValues (id, date, payload, fk_sensor_id) values (270, '2019-12-23 08:25:55', -33, 1);
insert into sensorValues (id, date, payload, fk_sensor_id) values (271, '2019-10-03 02:35:51', 8474, 1);
insert into sensorValues (id, date, payload, fk_sensor_id) values (272, '2020-03-10 18:39:18', 3362, 3);
insert into sensorValues (id, date, payload, fk_sensor_id) values (273, '2019-06-11 18:17:50', 5235, 2);
insert into sensorValues (id, date, payload, fk_sensor_id) values (274, '2019-06-06 08:31:12', 2068, 2);
insert into sensorValues (id, date, payload, fk_sensor_id) values (275, '2019-08-27 23:36:51', 8088, 3);
insert into sensorValues (id, date, payload, fk_sensor_id) values (276, '2020-02-18 03:15:21', 8147, 3);
insert into sensorValues (id, date, payload, fk_sensor_id) values (277, '2020-03-26 19:10:16', 4047, 1);
insert into sensorValues (id, date, payload, fk_sensor_id) values (278, '2020-02-01 03:24:16', 1188, 1);
insert into sensorValues (id, date, payload, fk_sensor_id) values (279, '2019-05-25 23:46:13', 3868, 3);
insert into sensorValues (id, date, payload, fk_sensor_id) values (280, '2019-10-29 17:31:53', 5609, 1);
insert into sensorValues (id, date, payload, fk_sensor_id) values (281, '2019-10-12 02:01:36', 5466, 3);
insert into sensorValues (id, date, payload, fk_sensor_id) values (282, '2019-11-26 02:23:14', 1254, 3);
insert into sensorValues (id, date, payload, fk_sensor_id) values (283, '2019-07-25 08:31:57', 1374, 2);
insert into sensorValues (id, date, payload, fk_sensor_id) values (284, '2019-06-12 16:29:17', 7941, 2);
insert into sensorValues (id, date, payload, fk_sensor_id) values (285, '2020-04-01 13:08:45', 5023, 2);
insert into sensorValues (id, date, payload, fk_sensor_id) values (286, '2019-08-29 14:05:07', 2400, 2);
insert into sensorValues (id, date, payload, fk_sensor_id) values (287, '2019-09-17 17:34:24', 855, 1);
insert into sensorValues (id, date, payload, fk_sensor_id) values (288, '2019-12-14 02:03:08', 2295, 3);
insert into sensorValues (id, date, payload, fk_sensor_id) values (289, '2020-01-23 13:49:36', 5018, 3);
insert into sensorValues (id, date, payload, fk_sensor_id) values (290, '2019-11-24 03:24:09', 9547, 3);
insert into sensorValues (id, date, payload, fk_sensor_id) values (291, '2019-06-04 02:18:30', 6138, 1);
insert into sensorValues (id, date, payload, fk_sensor_id) values (292, '2019-11-01 23:43:31', 6788, 2);
insert into sensorValues (id, date, payload, fk_sensor_id) values (293, '2020-02-01 19:26:26', 982, 1);
insert into sensorValues (id, date, payload, fk_sensor_id) values (294, '2019-12-20 18:52:16', 4703, 2);
insert into sensorValues (id, date, payload, fk_sensor_id) values (295, '2020-02-13 12:00:45', 7490, 3);
insert into sensorValues (id, date, payload, fk_sensor_id) values (296, '2020-03-20 23:05:05', 9144, 2);
insert into sensorValues (id, date, payload, fk_sensor_id) values (297, '2019-10-26 08:07:35', 867, 2);
insert into sensorValues (id, date, payload, fk_sensor_id) values (298, '2019-10-28 07:01:35', 4875, 3);
insert into sensorValues (id, date, payload, fk_sensor_id) values (299, '2019-10-21 22:34:51', 8762, 1);
insert into sensorValues (id, date, payload, fk_sensor_id) values (300, '2020-02-02 00:41:06', 5729, 3);
insert into sensorValues (id, date, payload, fk_sensor_id) values (301, '2019-06-26 19:40:05', 515, 3);
insert into sensorValues (id, date, payload, fk_sensor_id) values (302, '2019-12-18 21:21:25', 8707, 3);
insert into sensorValues (id, date, payload, fk_sensor_id) values (303, '2019-06-29 15:07:38', 1009, 3);
insert into sensorValues (id, date, payload, fk_sensor_id) values (304, '2020-04-05 07:39:36', 293, 2);
insert into sensorValues (id, date, payload, fk_sensor_id) values (305, '2019-06-25 21:10:22', 6948, 3);
insert into sensorValues (id, date, payload, fk_sensor_id) values (306, '2019-06-28 18:20:18', 3864, 2);
insert into sensorValues (id, date, payload, fk_sensor_id) values (307, '2019-05-14 16:42:08', 697, 1);
insert into sensorValues (id, date, payload, fk_sensor_id) values (308, '2019-06-04 19:07:14', 2608, 1);
insert into sensorValues (id, date, payload, fk_sensor_id) values (309, '2019-09-30 04:35:43', 7092, 3);
insert into sensorValues (id, date, payload, fk_sensor_id) values (310, '2020-01-29 23:09:40', 289, 1);
insert into sensorValues (id, date, payload, fk_sensor_id) values (311, '2019-04-23 13:01:12', 4224, 3);
insert into sensorValues (id, date, payload, fk_sensor_id) values (312, '2019-06-24 15:20:54', 8391, 3);
insert into sensorValues (id, date, payload, fk_sensor_id) values (313, '2019-10-24 01:55:40', 9067, 1);
insert into sensorValues (id, date, payload, fk_sensor_id) values (314, '2019-04-30 22:47:39', 5058, 3);
insert into sensorValues (id, date, payload, fk_sensor_id) values (315, '2020-04-01 06:27:42', 4604, 1);
insert into sensorValues (id, date, payload, fk_sensor_id) values (316, '2020-01-17 03:56:09', 8467, 1);
insert into sensorValues (id, date, payload, fk_sensor_id) values (317, '2019-10-22 16:54:54', 7477, 2);
insert into sensorValues (id, date, payload, fk_sensor_id) values (318, '2019-12-11 20:20:46', 4167, 1);
insert into sensorValues (id, date, payload, fk_sensor_id) values (319, '2019-08-07 20:02:33', 9971, 2);
insert into sensorValues (id, date, payload, fk_sensor_id) values (320, '2019-06-15 14:09:40', 4036, 2);
insert into sensorValues (id, date, payload, fk_sensor_id) values (321, '2019-06-21 18:32:08', 2676, 1);
insert into sensorValues (id, date, payload, fk_sensor_id) values (322, '2019-12-04 01:28:21', 8218, 1);
insert into sensorValues (id, date, payload, fk_sensor_id) values (323, '2020-04-01 07:03:23', 2991, 2);
insert into sensorValues (id, date, payload, fk_sensor_id) values (324, '2019-07-07 14:16:12', 6635, 1);
insert into sensorValues (id, date, payload, fk_sensor_id) values (325, '2019-04-25 02:09:28', 4414, 3);
insert into sensorValues (id, date, payload, fk_sensor_id) values (326, '2019-05-23 01:52:16', 8562, 3);
insert into sensorValues (id, date, payload, fk_sensor_id) values (327, '2019-06-24 15:44:20', 5033, 1);
insert into sensorValues (id, date, payload, fk_sensor_id) values (328, '2019-12-17 22:34:41', 9219, 3);
insert into sensorValues (id, date, payload, fk_sensor_id) values (329, '2019-12-30 22:25:38', 9468, 1);
insert into sensorValues (id, date, payload, fk_sensor_id) values (330, '2019-11-14 06:20:57', 5569, 2);
insert into sensorValues (id, date, payload, fk_sensor_id) values (331, '2020-03-03 19:52:45', 9, 3);
insert into sensorValues (id, date, payload, fk_sensor_id) values (332, '2019-10-07 13:26:59', 4123, 2);
insert into sensorValues (id, date, payload, fk_sensor_id) values (333, '2020-01-02 19:23:26', 1219, 1);
insert into sensorValues (id, date, payload, fk_sensor_id) values (334, '2019-06-10 17:06:25', 4456, 3);
insert into sensorValues (id, date, payload, fk_sensor_id) values (335, '2019-11-02 23:18:09', 5165, 2);
insert into sensorValues (id, date, payload, fk_sensor_id) values (336, '2020-04-10 11:27:15', 4052, 3);
insert into sensorValues (id, date, payload, fk_sensor_id) values (337, '2019-07-01 05:04:26', 8997, 2);
insert into sensorValues (id, date, payload, fk_sensor_id) values (338, '2019-08-03 21:06:45', 6048, 1);
insert into sensorValues (id, date, payload, fk_sensor_id) values (339, '2019-08-16 16:36:14', 1717, 2);
insert into sensorValues (id, date, payload, fk_sensor_id) values (340, '2019-06-13 14:17:01', 9168, 2);
insert into sensorValues (id, date, payload, fk_sensor_id) values (341, '2019-10-02 00:42:46', 6257, 2);
insert into sensorValues (id, date, payload, fk_sensor_id) values (342, '2019-12-09 04:33:40', 2074, 2);
insert into sensorValues (id, date, payload, fk_sensor_id) values (343, '2019-10-21 20:51:26', 7284, 3);
insert into sensorValues (id, date, payload, fk_sensor_id) values (344, '2019-09-21 22:46:02', 5978, 3);
insert into sensorValues (id, date, payload, fk_sensor_id) values (345, '2020-03-09 11:11:55', 4655, 2);
insert into sensorValues (id, date, payload, fk_sensor_id) values (346, '2020-01-27 09:10:14', 7617, 2);
insert into sensorValues (id, date, payload, fk_sensor_id) values (347, '2019-05-28 03:20:30', 6743, 3);
insert into sensorValues (id, date, payload, fk_sensor_id) values (348, '2019-07-03 09:24:50', 1697, 3);
insert into sensorValues (id, date, payload, fk_sensor_id) values (349, '2019-05-16 16:29:17', 4751, 2);
insert into sensorValues (id, date, payload, fk_sensor_id) values (350, '2019-05-06 07:23:00', 2858, 3);
insert into sensorValues (id, date, payload, fk_sensor_id) values (351, '2019-07-01 21:42:31', 5088, 2);
insert into sensorValues (id, date, payload, fk_sensor_id) values (352, '2019-12-23 19:49:37', 989, 3);
insert into sensorValues (id, date, payload, fk_sensor_id) values (353, '2019-09-16 11:09:20', 3747, 3);
insert into sensorValues (id, date, payload, fk_sensor_id) values (354, '2020-03-11 00:52:05', 4151, 3);
insert into sensorValues (id, date, payload, fk_sensor_id) values (355, '2019-07-02 18:14:21', 5542, 3);
insert into sensorValues (id, date, payload, fk_sensor_id) values (356, '2020-03-05 21:51:34', 5440, 2);
insert into sensorValues (id, date, payload, fk_sensor_id) values (357, '2019-05-23 03:26:34', 1655, 2);
insert into sensorValues (id, date, payload, fk_sensor_id) values (358, '2019-06-07 15:18:00', 6563, 3);
insert into sensorValues (id, date, payload, fk_sensor_id) values (359, '2019-11-11 04:45:14', 1008, 2);
insert into sensorValues (id, date, payload, fk_sensor_id) values (360, '2020-04-17 17:31:56', 7541, 2);
insert into sensorValues (id, date, payload, fk_sensor_id) values (361, '2019-10-24 16:17:43', 2289, 1);
insert into sensorValues (id, date, payload, fk_sensor_id) values (362, '2019-12-07 05:28:40', 7732, 3);
insert into sensorValues (id, date, payload, fk_sensor_id) values (363, '2019-06-14 09:47:57', 8087, 3);
insert into sensorValues (id, date, payload, fk_sensor_id) values (364, '2019-05-29 09:15:03', 6611, 3);
insert into sensorValues (id, date, payload, fk_sensor_id) values (365, '2019-06-19 14:38:44', 4351, 1);
insert into sensorValues (id, date, payload, fk_sensor_id) values (366, '2019-04-24 02:10:40', 7453, 1);
insert into sensorValues (id, date, payload, fk_sensor_id) values (367, '2020-03-07 19:20:42', 4051, 2);
insert into sensorValues (id, date, payload, fk_sensor_id) values (368, '2020-03-24 01:05:17', 218, 1);
insert into sensorValues (id, date, payload, fk_sensor_id) values (369, '2019-08-04 17:03:49', 2573, 1);
insert into sensorValues (id, date, payload, fk_sensor_id) values (370, '2019-07-10 23:29:36', 2066, 3);
insert into sensorValues (id, date, payload, fk_sensor_id) values (371, '2019-05-09 08:56:31', 9645, 3);
insert into sensorValues (id, date, payload, fk_sensor_id) values (372, '2019-06-04 12:54:34', 2088, 2);
insert into sensorValues (id, date, payload, fk_sensor_id) values (373, '2019-04-22 14:14:44', 1836, 3);
insert into sensorValues (id, date, payload, fk_sensor_id) values (374, '2020-03-29 14:48:10', 9012, 1);
insert into sensorValues (id, date, payload, fk_sensor_id) values (375, '2019-11-06 06:05:55', 1830, 1);
insert into sensorValues (id, date, payload, fk_sensor_id) values (376, '2019-07-31 00:30:15', 7429, 3);
insert into sensorValues (id, date, payload, fk_sensor_id) values (377, '2019-05-22 05:20:41', 3105, 2);
insert into sensorValues (id, date, payload, fk_sensor_id) values (378, '2020-03-27 14:59:51', 8030, 2);
insert into sensorValues (id, date, payload, fk_sensor_id) values (379, '2019-07-25 23:06:56', 6373, 3);
insert into sensorValues (id, date, payload, fk_sensor_id) values (380, '2020-03-07 17:51:01', 3235, 2);
insert into sensorValues (id, date, payload, fk_sensor_id) values (381, '2020-03-13 15:19:05', 1536, 2);
insert into sensorValues (id, date, payload, fk_sensor_id) values (382, '2019-08-08 03:16:26', 1188, 1);
insert into sensorValues (id, date, payload, fk_sensor_id) values (383, '2019-12-08 05:31:42', 6991, 1);
insert into sensorValues (id, date, payload, fk_sensor_id) values (384, '2019-10-04 23:14:27', 3405, 2);
insert into sensorValues (id, date, payload, fk_sensor_id) values (385, '2019-09-06 11:21:46', 8185, 2);
insert into sensorValues (id, date, payload, fk_sensor_id) values (386, '2019-07-21 17:55:39', 9671, 1);
insert into sensorValues (id, date, payload, fk_sensor_id) values (387, '2019-05-15 21:14:15', 8834, 1);
insert into sensorValues (id, date, payload, fk_sensor_id) values (388, '2020-01-29 03:48:33', 7850, 1);
insert into sensorValues (id, date, payload, fk_sensor_id) values (389, '2019-05-20 06:26:40', 8644, 1);
insert into sensorValues (id, date, payload, fk_sensor_id) values (390, '2019-05-18 06:37:09', 6425, 3);
insert into sensorValues (id, date, payload, fk_sensor_id) values (391, '2019-08-05 14:38:37', 8359, 3);
insert into sensorValues (id, date, payload, fk_sensor_id) values (392, '2019-11-26 21:09:08', 1928, 1);
insert into sensorValues (id, date, payload, fk_sensor_id) values (393, '2020-01-13 22:36:31', 714, 2);
insert into sensorValues (id, date, payload, fk_sensor_id) values (394, '2019-05-22 09:10:07', 6065, 2);
insert into sensorValues (id, date, payload, fk_sensor_id) values (395, '2019-08-29 22:08:45', 9023, 3);
insert into sensorValues (id, date, payload, fk_sensor_id) values (396, '2020-02-29 03:10:07', 1510, 1);
insert into sensorValues (id, date, payload, fk_sensor_id) values (397, '2019-06-10 04:26:43', 8213, 3);
insert into sensorValues (id, date, payload, fk_sensor_id) values (398, '2020-01-20 13:31:08', 2200, 1);
insert into sensorValues (id, date, payload, fk_sensor_id) values (399, '2019-09-20 20:57:42', -68, 3);
insert into sensorValues (id, date, payload, fk_sensor_id) values (400, '2019-09-05 11:33:00', 9900, 3);
insert into sensorValues (id, date, payload, fk_sensor_id) values (401, '2019-12-01 07:04:38', 927, 2);
insert into sensorValues (id, date, payload, fk_sensor_id) values (402, '2019-11-27 11:21:43', 2494, 2);
insert into sensorValues (id, date, payload, fk_sensor_id) values (403, '2019-07-20 02:52:43', 3879, 3);
insert into sensorValues (id, date, payload, fk_sensor_id) values (404, '2020-04-06 17:19:28', 1322, 3);
insert into sensorValues (id, date, payload, fk_sensor_id) values (405, '2020-01-03 02:12:01', 6513, 2);
insert into sensorValues (id, date, payload, fk_sensor_id) values (406, '2020-02-19 21:16:31', 7921, 3);
insert into sensorValues (id, date, payload, fk_sensor_id) values (407, '2020-02-27 14:30:03', 3864, 1);
insert into sensorValues (id, date, payload, fk_sensor_id) values (408, '2019-10-30 08:42:03', 6120, 1);
insert into sensorValues (id, date, payload, fk_sensor_id) values (409, '2020-04-04 03:52:34', 395, 1);
insert into sensorValues (id, date, payload, fk_sensor_id) values (410, '2020-01-11 21:18:40', 7008, 3);
insert into sensorValues (id, date, payload, fk_sensor_id) values (411, '2019-09-27 23:32:38', 3933, 3);
insert into sensorValues (id, date, payload, fk_sensor_id) values (412, '2020-04-19 15:28:28', 5697, 1);
insert into sensorValues (id, date, payload, fk_sensor_id) values (413, '2019-11-08 11:32:19', 6187, 2);
insert into sensorValues (id, date, payload, fk_sensor_id) values (414, '2020-03-30 15:41:10', 2130, 3);
insert into sensorValues (id, date, payload, fk_sensor_id) values (415, '2019-12-17 11:08:35', 7246, 1);
insert into sensorValues (id, date, payload, fk_sensor_id) values (416, '2019-06-28 00:23:23', 4758, 2);
insert into sensorValues (id, date, payload, fk_sensor_id) values (417, '2019-05-02 08:34:24', 7691, 3);
insert into sensorValues (id, date, payload, fk_sensor_id) values (418, '2019-09-30 19:42:40', 2015, 2);
insert into sensorValues (id, date, payload, fk_sensor_id) values (419, '2020-02-22 06:50:18', 1254, 3);
insert into sensorValues (id, date, payload, fk_sensor_id) values (420, '2019-05-07 18:47:39', 1460, 1);
insert into sensorValues (id, date, payload, fk_sensor_id) values (421, '2020-03-05 18:33:09', 6137, 1);
insert into sensorValues (id, date, payload, fk_sensor_id) values (422, '2020-03-15 06:37:48', 4008, 1);
insert into sensorValues (id, date, payload, fk_sensor_id) values (423, '2019-08-23 02:55:07', 7196, 1);
insert into sensorValues (id, date, payload, fk_sensor_id) values (424, '2019-06-06 14:20:16', 501, 2);
insert into sensorValues (id, date, payload, fk_sensor_id) values (425, '2019-08-11 12:19:42', 8250, 1);
insert into sensorValues (id, date, payload, fk_sensor_id) values (426, '2019-06-02 14:07:34', 1215, 1);
insert into sensorValues (id, date, payload, fk_sensor_id) values (427, '2020-02-14 20:00:59', 2753, 1);
insert into sensorValues (id, date, payload, fk_sensor_id) values (428, '2019-07-10 06:27:39', 6876, 3);
insert into sensorValues (id, date, payload, fk_sensor_id) values (429, '2019-12-16 02:09:30', 2226, 1);
insert into sensorValues (id, date, payload, fk_sensor_id) values (430, '2019-09-13 04:19:47', 3219, 2);
insert into sensorValues (id, date, payload, fk_sensor_id) values (431, '2019-12-11 12:20:20', 8160, 3);
insert into sensorValues (id, date, payload, fk_sensor_id) values (432, '2019-08-10 23:23:39', 4967, 1);
insert into sensorValues (id, date, payload, fk_sensor_id) values (433, '2019-12-08 16:00:21', 9722, 3);
insert into sensorValues (id, date, payload, fk_sensor_id) values (434, '2019-05-18 19:34:28', 2911, 3);
insert into sensorValues (id, date, payload, fk_sensor_id) values (435, '2019-09-24 10:55:22', 6262, 1);
insert into sensorValues (id, date, payload, fk_sensor_id) values (436, '2019-10-27 21:53:38', 7736, 2);
insert into sensorValues (id, date, payload, fk_sensor_id) values (437, '2019-07-23 04:02:50', 9778, 3);
insert into sensorValues (id, date, payload, fk_sensor_id) values (438, '2020-03-10 00:56:56', 1732, 1);
insert into sensorValues (id, date, payload, fk_sensor_id) values (439, '2019-10-30 15:39:37', 478, 1);
insert into sensorValues (id, date, payload, fk_sensor_id) values (440, '2019-04-23 04:39:58', 5464, 3);
insert into sensorValues (id, date, payload, fk_sensor_id) values (441, '2020-03-23 08:09:48', 8511, 1);
insert into sensorValues (id, date, payload, fk_sensor_id) values (442, '2020-04-14 20:21:27', 9136, 1);
insert into sensorValues (id, date, payload, fk_sensor_id) values (443, '2019-04-22 04:39:43', 6220, 2);
insert into sensorValues (id, date, payload, fk_sensor_id) values (444, '2019-12-25 22:09:19', 6174, 2);
insert into sensorValues (id, date, payload, fk_sensor_id) values (445, '2019-05-23 22:32:45', 7406, 2);
insert into sensorValues (id, date, payload, fk_sensor_id) values (446, '2020-01-02 06:36:42', 8698, 2);
insert into sensorValues (id, date, payload, fk_sensor_id) values (447, '2019-08-17 21:57:33', 2556, 2);
insert into sensorValues (id, date, payload, fk_sensor_id) values (448, '2019-12-02 07:13:29', 640, 2);
insert into sensorValues (id, date, payload, fk_sensor_id) values (449, '2019-07-09 13:06:53', 7001, 2);
insert into sensorValues (id, date, payload, fk_sensor_id) values (450, '2019-07-18 10:44:32', 2347, 3);
insert into sensorValues (id, date, payload, fk_sensor_id) values (451, '2020-02-13 09:19:50', 1971, 2);
insert into sensorValues (id, date, payload, fk_sensor_id) values (452, '2019-10-17 11:43:22', 7985, 1);
insert into sensorValues (id, date, payload, fk_sensor_id) values (453, '2020-04-15 17:24:23', 5450, 1);
insert into sensorValues (id, date, payload, fk_sensor_id) values (454, '2020-03-13 22:58:30', 9164, 2);
insert into sensorValues (id, date, payload, fk_sensor_id) values (455, '2019-08-21 02:34:38', 3117, 2);
insert into sensorValues (id, date, payload, fk_sensor_id) values (456, '2019-12-03 05:55:00', 8602, 1);
insert into sensorValues (id, date, payload, fk_sensor_id) values (457, '2020-04-13 22:06:35', 8376, 1);
insert into sensorValues (id, date, payload, fk_sensor_id) values (458, '2019-12-02 13:01:17', 1592, 3);
insert into sensorValues (id, date, payload, fk_sensor_id) values (459, '2019-05-06 02:48:30', 2297, 1);
insert into sensorValues (id, date, payload, fk_sensor_id) values (460, '2019-08-05 11:59:43', 8608, 3);
insert into sensorValues (id, date, payload, fk_sensor_id) values (461, '2020-01-08 18:31:36', 9798, 2);
insert into sensorValues (id, date, payload, fk_sensor_id) values (462, '2019-09-29 04:57:21', 782, 2);
insert into sensorValues (id, date, payload, fk_sensor_id) values (463, '2019-11-03 05:07:31', 5333, 3);
insert into sensorValues (id, date, payload, fk_sensor_id) values (464, '2019-10-23 23:23:15', 6942, 1);
insert into sensorValues (id, date, payload, fk_sensor_id) values (465, '2019-05-23 19:23:28', 9582, 3);
insert into sensorValues (id, date, payload, fk_sensor_id) values (466, '2020-03-17 14:59:23', 6176, 3);
insert into sensorValues (id, date, payload, fk_sensor_id) values (467, '2019-07-11 03:44:50', 5863, 1);
insert into sensorValues (id, date, payload, fk_sensor_id) values (468, '2019-09-27 18:41:42', 5420, 2);
insert into sensorValues (id, date, payload, fk_sensor_id) values (469, '2019-08-03 16:03:50', 3188, 1);
insert into sensorValues (id, date, payload, fk_sensor_id) values (470, '2020-01-03 11:40:10', 6446, 3);
insert into sensorValues (id, date, payload, fk_sensor_id) values (471, '2020-04-03 11:44:27', 9176, 2);
insert into sensorValues (id, date, payload, fk_sensor_id) values (472, '2019-06-28 20:22:39', 7127, 2);
insert into sensorValues (id, date, payload, fk_sensor_id) values (473, '2020-01-18 02:27:53', 2335, 1);
insert into sensorValues (id, date, payload, fk_sensor_id) values (474, '2020-01-14 05:25:52', 5193, 2);
insert into sensorValues (id, date, payload, fk_sensor_id) values (475, '2019-09-21 08:16:20', 3414, 1);
insert into sensorValues (id, date, payload, fk_sensor_id) values (476, '2019-05-31 19:41:48', 9202, 1);
insert into sensorValues (id, date, payload, fk_sensor_id) values (477, '2019-05-11 09:31:58', 3792, 3);
insert into sensorValues (id, date, payload, fk_sensor_id) values (478, '2020-01-28 16:37:58', 8882, 1);
insert into sensorValues (id, date, payload, fk_sensor_id) values (479, '2020-03-10 04:06:32', 3303, 2);
insert into sensorValues (id, date, payload, fk_sensor_id) values (480, '2019-07-10 02:14:25', 3047, 2);
insert into sensorValues (id, date, payload, fk_sensor_id) values (481, '2019-08-31 10:47:34', 1828, 1);
insert into sensorValues (id, date, payload, fk_sensor_id) values (482, '2019-05-02 03:02:05', 748, 2);
insert into sensorValues (id, date, payload, fk_sensor_id) values (483, '2019-09-24 04:37:47', 3195, 1);
insert into sensorValues (id, date, payload, fk_sensor_id) values (484, '2020-03-05 13:10:42', 5511, 2);
insert into sensorValues (id, date, payload, fk_sensor_id) values (485, '2020-03-16 07:30:24', 1736, 1);
insert into sensorValues (id, date, payload, fk_sensor_id) values (486, '2020-01-24 20:40:51', 9283, 3);
insert into sensorValues (id, date, payload, fk_sensor_id) values (487, '2019-09-26 22:43:57', 2421, 2);
insert into sensorValues (id, date, payload, fk_sensor_id) values (488, '2019-08-11 04:53:05', -46, 2);
insert into sensorValues (id, date, payload, fk_sensor_id) values (489, '2020-01-25 21:07:15', 7410, 3);
insert into sensorValues (id, date, payload, fk_sensor_id) values (490, '2019-06-23 22:57:00', 8679, 3);
insert into sensorValues (id, date, payload, fk_sensor_id) values (491, '2019-09-09 18:28:21', 9455, 2);
insert into sensorValues (id, date, payload, fk_sensor_id) values (492, '2019-12-13 05:40:05', 3495, 2);
insert into sensorValues (id, date, payload, fk_sensor_id) values (493, '2020-03-16 21:32:52', 4654, 1);
insert into sensorValues (id, date, payload, fk_sensor_id) values (494, '2019-10-15 07:08:01', 5072, 1);
insert into sensorValues (id, date, payload, fk_sensor_id) values (495, '2019-12-20 00:25:19', 1090, 1);
insert into sensorValues (id, date, payload, fk_sensor_id) values (496, '2019-12-21 18:30:59', 5155, 3);
insert into sensorValues (id, date, payload, fk_sensor_id) values (497, '2019-05-08 06:25:28', 6984, 1);
insert into sensorValues (id, date, payload, fk_sensor_id) values (498, '2019-12-28 04:34:31', 4640, 2);
insert into sensorValues (id, date, payload, fk_sensor_id) values (499, '2020-03-19 03:43:58', 5599, 3);
insert into sensorValues (id, date, payload, fk_sensor_id) values (500, '2019-06-06 22:28:54', 3828, 2);
insert into sensorValues (id, date, payload, fk_sensor_id) values (501, '2020-04-08 17:22:56', 9374, 1);
insert into sensorValues (id, date, payload, fk_sensor_id) values (502, '2019-12-29 01:11:45', 9724, 2);
insert into sensorValues (id, date, payload, fk_sensor_id) values (503, '2019-11-21 14:24:43', 846, 1);
insert into sensorValues (id, date, payload, fk_sensor_id) values (504, '2020-04-14 06:55:38', 2545, 1);
insert into sensorValues (id, date, payload, fk_sensor_id) values (505, '2020-02-24 18:38:30', 7631, 2);
insert into sensorValues (id, date, payload, fk_sensor_id) values (506, '2019-08-30 19:20:30', 7664, 3);
insert into sensorValues (id, date, payload, fk_sensor_id) values (507, '2019-11-12 04:48:03', 7047, 2);
insert into sensorValues (id, date, payload, fk_sensor_id) values (508, '2020-01-01 00:28:40', 2222, 3);
insert into sensorValues (id, date, payload, fk_sensor_id) values (509, '2020-04-10 21:32:49', 6133, 2);
insert into sensorValues (id, date, payload, fk_sensor_id) values (510, '2019-10-23 20:44:44', 643, 3);
insert into sensorValues (id, date, payload, fk_sensor_id) values (511, '2019-10-12 21:01:14', 2443, 1);
insert into sensorValues (id, date, payload, fk_sensor_id) values (512, '2019-10-17 12:43:19', 12, 1);
insert into sensorValues (id, date, payload, fk_sensor_id) values (513, '2019-08-01 00:08:12', 415, 3);
insert into sensorValues (id, date, payload, fk_sensor_id) values (514, '2019-10-09 03:24:12', 1644, 3);
insert into sensorValues (id, date, payload, fk_sensor_id) values (515, '2020-04-16 06:11:13', 5840, 3);
insert into sensorValues (id, date, payload, fk_sensor_id) values (516, '2019-08-11 04:55:05', 3698, 2);
insert into sensorValues (id, date, payload, fk_sensor_id) values (517, '2020-02-03 09:17:06', 6202, 2);
insert into sensorValues (id, date, payload, fk_sensor_id) values (518, '2019-11-02 15:02:22', 3410, 3);
insert into sensorValues (id, date, payload, fk_sensor_id) values (519, '2019-12-10 16:29:57', -1, 3);
insert into sensorValues (id, date, payload, fk_sensor_id) values (520, '2019-07-29 16:53:35', 5582, 2);
insert into sensorValues (id, date, payload, fk_sensor_id) values (521, '2019-09-02 16:39:12', 2324, 3);
insert into sensorValues (id, date, payload, fk_sensor_id) values (522, '2019-08-30 02:51:52', 8166, 1);
insert into sensorValues (id, date, payload, fk_sensor_id) values (523, '2019-09-14 13:09:00', 4961, 2);
insert into sensorValues (id, date, payload, fk_sensor_id) values (524, '2019-07-30 06:42:47', 1507, 2);
insert into sensorValues (id, date, payload, fk_sensor_id) values (525, '2019-06-12 11:50:35', 6091, 1);
insert into sensorValues (id, date, payload, fk_sensor_id) values (526, '2019-08-21 01:17:55', 6784, 1);
insert into sensorValues (id, date, payload, fk_sensor_id) values (527, '2020-01-20 23:38:10', 3534, 2);
insert into sensorValues (id, date, payload, fk_sensor_id) values (528, '2019-09-24 22:04:13', 1079, 3);
insert into sensorValues (id, date, payload, fk_sensor_id) values (529, '2019-04-25 11:12:34', 9417, 2);
insert into sensorValues (id, date, payload, fk_sensor_id) values (530, '2019-08-04 20:18:59', 7498, 1);
insert into sensorValues (id, date, payload, fk_sensor_id) values (531, '2019-04-24 20:02:37', 6918, 1);
insert into sensorValues (id, date, payload, fk_sensor_id) values (532, '2020-01-16 22:04:26', 2914, 1);
insert into sensorValues (id, date, payload, fk_sensor_id) values (533, '2019-06-14 14:02:39', 8862, 1);
insert into sensorValues (id, date, payload, fk_sensor_id) values (534, '2019-10-18 05:16:00', 4785, 1);
insert into sensorValues (id, date, payload, fk_sensor_id) values (535, '2020-03-04 19:30:52', 8325, 1);
insert into sensorValues (id, date, payload, fk_sensor_id) values (536, '2019-04-25 13:14:43', 5753, 1);
insert into sensorValues (id, date, payload, fk_sensor_id) values (537, '2019-09-17 13:13:18', 2474, 2);
insert into sensorValues (id, date, payload, fk_sensor_id) values (538, '2019-10-27 05:57:01', 7171, 1);
insert into sensorValues (id, date, payload, fk_sensor_id) values (539, '2020-03-08 09:12:10', 1882, 2);
insert into sensorValues (id, date, payload, fk_sensor_id) values (540, '2019-07-12 12:46:52', 5194, 3);
insert into sensorValues (id, date, payload, fk_sensor_id) values (541, '2020-04-12 15:42:29', 1341, 1);
insert into sensorValues (id, date, payload, fk_sensor_id) values (542, '2019-06-09 22:48:52', 1901, 2);
insert into sensorValues (id, date, payload, fk_sensor_id) values (543, '2019-10-23 02:29:27', 646, 3);
insert into sensorValues (id, date, payload, fk_sensor_id) values (544, '2020-03-28 03:49:50', 5525, 2);
insert into sensorValues (id, date, payload, fk_sensor_id) values (545, '2019-04-25 22:27:11', 3755, 2);
insert into sensorValues (id, date, payload, fk_sensor_id) values (546, '2019-11-16 13:13:56', 7683, 2);
insert into sensorValues (id, date, payload, fk_sensor_id) values (547, '2019-06-30 12:58:16', 1206, 2);
insert into sensorValues (id, date, payload, fk_sensor_id) values (548, '2019-10-21 15:24:06', 3453, 2);
insert into sensorValues (id, date, payload, fk_sensor_id) values (549, '2019-10-08 00:55:01', 2255, 2);
insert into sensorValues (id, date, payload, fk_sensor_id) values (550, '2019-10-16 20:57:02', 297, 2);
insert into sensorValues (id, date, payload, fk_sensor_id) values (551, '2020-01-12 18:40:59', 3666, 3);
insert into sensorValues (id, date, payload, fk_sensor_id) values (552, '2019-05-14 18:28:28', 461, 2);
insert into sensorValues (id, date, payload, fk_sensor_id) values (553, '2020-03-08 03:05:59', 7875, 1);
insert into sensorValues (id, date, payload, fk_sensor_id) values (554, '2019-07-13 21:31:30', 576, 1);
insert into sensorValues (id, date, payload, fk_sensor_id) values (555, '2019-07-13 01:55:20', 9250, 3);
insert into sensorValues (id, date, payload, fk_sensor_id) values (556, '2019-06-01 16:34:10', 207, 2);
insert into sensorValues (id, date, payload, fk_sensor_id) values (557, '2019-09-04 21:48:54', 3324, 1);
insert into sensorValues (id, date, payload, fk_sensor_id) values (558, '2020-04-10 12:23:58', 8556, 2);
insert into sensorValues (id, date, payload, fk_sensor_id) values (559, '2019-10-06 07:33:18', 2581, 2);
insert into sensorValues (id, date, payload, fk_sensor_id) values (560, '2019-05-11 12:02:44', 2345, 2);
insert into sensorValues (id, date, payload, fk_sensor_id) values (561, '2019-05-30 03:25:26', 7510, 1);
insert into sensorValues (id, date, payload, fk_sensor_id) values (562, '2019-11-18 10:18:34', 5605, 2);
insert into sensorValues (id, date, payload, fk_sensor_id) values (563, '2019-10-07 02:03:34', 274, 2);
insert into sensorValues (id, date, payload, fk_sensor_id) values (564, '2019-11-07 22:37:01', 1301, 1);
insert into sensorValues (id, date, payload, fk_sensor_id) values (565, '2019-06-09 12:12:57', 7439, 1);
insert into sensorValues (id, date, payload, fk_sensor_id) values (566, '2019-06-29 12:19:46', 3738, 3);
insert into sensorValues (id, date, payload, fk_sensor_id) values (567, '2019-12-06 00:42:37', 9215, 3);
insert into sensorValues (id, date, payload, fk_sensor_id) values (568, '2019-09-02 08:44:53', 4079, 1);
insert into sensorValues (id, date, payload, fk_sensor_id) values (569, '2019-11-07 03:52:16', 8407, 1);
insert into sensorValues (id, date, payload, fk_sensor_id) values (570, '2020-04-11 10:27:27', 1050, 1);
insert into sensorValues (id, date, payload, fk_sensor_id) values (571, '2019-11-21 20:59:55', 6439, 1);
insert into sensorValues (id, date, payload, fk_sensor_id) values (572, '2020-04-12 10:38:53', 3085, 3);
insert into sensorValues (id, date, payload, fk_sensor_id) values (573, '2019-06-15 18:08:04', 5887, 3);
insert into sensorValues (id, date, payload, fk_sensor_id) values (574, '2019-12-21 18:51:35', 2648, 2);
insert into sensorValues (id, date, payload, fk_sensor_id) values (575, '2019-11-08 21:05:30', 4104, 2);
insert into sensorValues (id, date, payload, fk_sensor_id) values (576, '2019-11-19 13:52:22', 9840, 3);
insert into sensorValues (id, date, payload, fk_sensor_id) values (577, '2019-12-06 15:43:04', 5, 1);
insert into sensorValues (id, date, payload, fk_sensor_id) values (578, '2019-08-18 01:17:40', 890, 3);
insert into sensorValues (id, date, payload, fk_sensor_id) values (579, '2019-05-29 01:10:25', 3997, 3);
insert into sensorValues (id, date, payload, fk_sensor_id) values (580, '2019-06-20 23:33:54', 8010, 3);
insert into sensorValues (id, date, payload, fk_sensor_id) values (581, '2019-07-02 08:50:44', 9343, 3);
insert into sensorValues (id, date, payload, fk_sensor_id) values (582, '2019-11-23 17:31:45', 2785, 1);
insert into sensorValues (id, date, payload, fk_sensor_id) values (583, '2019-06-08 23:58:41', 3537, 2);
insert into sensorValues (id, date, payload, fk_sensor_id) values (584, '2020-01-20 02:09:44', 8781, 1);
insert into sensorValues (id, date, payload, fk_sensor_id) values (585, '2019-04-20 15:39:05', 3607, 1);
insert into sensorValues (id, date, payload, fk_sensor_id) values (586, '2020-01-04 00:00:48', 2262, 2);
insert into sensorValues (id, date, payload, fk_sensor_id) values (587, '2019-05-29 20:05:15', 7205, 2);
insert into sensorValues (id, date, payload, fk_sensor_id) values (588, '2019-08-05 09:45:33', 6408, 3);
insert into sensorValues (id, date, payload, fk_sensor_id) values (589, '2020-01-26 14:43:13', 9874, 3);
insert into sensorValues (id, date, payload, fk_sensor_id) values (590, '2019-05-27 02:12:48', 1073, 1);
insert into sensorValues (id, date, payload, fk_sensor_id) values (591, '2019-10-04 02:59:25', 7253, 1);
insert into sensorValues (id, date, payload, fk_sensor_id) values (592, '2019-08-30 11:25:51', 9233, 3);
insert into sensorValues (id, date, payload, fk_sensor_id) values (593, '2019-12-09 03:35:03', 2266, 3);
insert into sensorValues (id, date, payload, fk_sensor_id) values (594, '2019-10-20 14:03:47', 3689, 1);
insert into sensorValues (id, date, payload, fk_sensor_id) values (595, '2020-03-11 05:44:43', 146, 1);
insert into sensorValues (id, date, payload, fk_sensor_id) values (596, '2020-04-05 08:57:51', 5450, 3);
insert into sensorValues (id, date, payload, fk_sensor_id) values (597, '2019-06-06 17:22:12', 3833, 2);
insert into sensorValues (id, date, payload, fk_sensor_id) values (598, '2020-03-31 00:56:40', 6340, 3);
insert into sensorValues (id, date, payload, fk_sensor_id) values (599, '2019-06-15 07:18:04', 2283, 1);
insert into sensorValues (id, date, payload, fk_sensor_id) values (600, '2020-02-01 07:11:17', 6813, 3);
insert into sensorValues (id, date, payload, fk_sensor_id) values (601, '2019-06-23 21:51:00', 6852, 2);
insert into sensorValues (id, date, payload, fk_sensor_id) values (602, '2019-12-28 20:48:17', 5456, 3);
insert into sensorValues (id, date, payload, fk_sensor_id) values (603, '2019-10-12 15:22:45', 9392, 1);
insert into sensorValues (id, date, payload, fk_sensor_id) values (604, '2019-12-12 07:07:31', 2923, 3);
insert into sensorValues (id, date, payload, fk_sensor_id) values (605, '2020-04-05 13:51:37', 7285, 1);
insert into sensorValues (id, date, payload, fk_sensor_id) values (606, '2020-03-24 18:33:11', 1802, 3);
insert into sensorValues (id, date, payload, fk_sensor_id) values (607, '2019-07-06 23:46:51', 4659, 1);
insert into sensorValues (id, date, payload, fk_sensor_id) values (608, '2020-01-18 22:16:11', 2221, 3);
insert into sensorValues (id, date, payload, fk_sensor_id) values (609, '2019-11-17 00:19:43', 3232, 1);
insert into sensorValues (id, date, payload, fk_sensor_id) values (610, '2019-08-27 23:38:43', 3681, 2);
insert into sensorValues (id, date, payload, fk_sensor_id) values (611, '2019-10-15 05:27:31', 4113, 3);
insert into sensorValues (id, date, payload, fk_sensor_id) values (612, '2019-07-06 23:30:12', 9059, 1);
insert into sensorValues (id, date, payload, fk_sensor_id) values (613, '2019-07-26 16:30:37', 6555, 2);
insert into sensorValues (id, date, payload, fk_sensor_id) values (614, '2019-08-03 02:52:27', 9475, 2);
insert into sensorValues (id, date, payload, fk_sensor_id) values (615, '2019-10-20 19:28:20', 1783, 2);
insert into sensorValues (id, date, payload, fk_sensor_id) values (616, '2020-03-05 10:41:08', 1318, 2);
insert into sensorValues (id, date, payload, fk_sensor_id) values (617, '2019-08-13 03:03:55', 3079, 2);
insert into sensorValues (id, date, payload, fk_sensor_id) values (618, '2019-09-25 20:13:06', 6019, 3);
insert into sensorValues (id, date, payload, fk_sensor_id) values (619, '2019-11-20 07:55:27', 7857, 3);
insert into sensorValues (id, date, payload, fk_sensor_id) values (620, '2019-09-29 01:37:16', 7269, 2);
insert into sensorValues (id, date, payload, fk_sensor_id) values (621, '2019-11-09 16:29:16', 2489, 1);
insert into sensorValues (id, date, payload, fk_sensor_id) values (622, '2019-05-12 02:40:55', 5033, 1);
insert into sensorValues (id, date, payload, fk_sensor_id) values (623, '2019-12-29 10:32:53', 8328, 2);
insert into sensorValues (id, date, payload, fk_sensor_id) values (624, '2019-05-22 14:58:43', 3197, 3);
insert into sensorValues (id, date, payload, fk_sensor_id) values (625, '2019-05-14 06:24:57', 3971, 3);
insert into sensorValues (id, date, payload, fk_sensor_id) values (626, '2019-05-08 08:42:26', 1663, 1);
insert into sensorValues (id, date, payload, fk_sensor_id) values (627, '2019-06-29 02:55:04', 1402, 3);
insert into sensorValues (id, date, payload, fk_sensor_id) values (628, '2020-04-07 00:32:34', 76, 2);
insert into sensorValues (id, date, payload, fk_sensor_id) values (629, '2020-03-08 18:37:27', 7755, 3);
insert into sensorValues (id, date, payload, fk_sensor_id) values (630, '2020-01-30 22:06:25', 1492, 1);
insert into sensorValues (id, date, payload, fk_sensor_id) values (631, '2019-08-07 06:02:18', 164, 2);
insert into sensorValues (id, date, payload, fk_sensor_id) values (632, '2019-10-04 11:17:54', 4911, 3);
insert into sensorValues (id, date, payload, fk_sensor_id) values (633, '2019-09-05 17:02:36', -97, 2);
insert into sensorValues (id, date, payload, fk_sensor_id) values (634, '2020-04-12 15:38:31', -86, 2);
insert into sensorValues (id, date, payload, fk_sensor_id) values (635, '2019-07-26 14:35:48', 6991, 2);
insert into sensorValues (id, date, payload, fk_sensor_id) values (636, '2019-12-07 23:46:00', 9063, 1);
insert into sensorValues (id, date, payload, fk_sensor_id) values (637, '2019-07-21 18:30:05', 4192, 2);
insert into sensorValues (id, date, payload, fk_sensor_id) values (638, '2019-05-03 02:49:03', 4100, 2);
insert into sensorValues (id, date, payload, fk_sensor_id) values (639, '2019-06-02 13:37:34', 9543, 3);
insert into sensorValues (id, date, payload, fk_sensor_id) values (640, '2019-12-03 22:51:14', 9701, 2);
insert into sensorValues (id, date, payload, fk_sensor_id) values (641, '2019-04-30 07:05:55', 9280, 1);
insert into sensorValues (id, date, payload, fk_sensor_id) values (642, '2019-06-03 04:27:12', 8316, 3);
insert into sensorValues (id, date, payload, fk_sensor_id) values (643, '2019-07-03 06:09:02', 7646, 1);
insert into sensorValues (id, date, payload, fk_sensor_id) values (644, '2019-08-19 01:41:51', 7993, 2);
insert into sensorValues (id, date, payload, fk_sensor_id) values (645, '2019-07-26 04:43:14', 718, 1);
insert into sensorValues (id, date, payload, fk_sensor_id) values (646, '2019-08-04 17:21:23', 863, 2);
insert into sensorValues (id, date, payload, fk_sensor_id) values (647, '2020-03-06 20:55:28', 9150, 1);
insert into sensorValues (id, date, payload, fk_sensor_id) values (648, '2019-07-07 01:01:13', 8305, 2);
insert into sensorValues (id, date, payload, fk_sensor_id) values (649, '2020-01-15 13:25:28', 8117, 2);
insert into sensorValues (id, date, payload, fk_sensor_id) values (650, '2019-09-09 12:36:42', 7849, 2);
insert into sensorValues (id, date, payload, fk_sensor_id) values (651, '2020-03-14 05:51:59', 4821, 1);
insert into sensorValues (id, date, payload, fk_sensor_id) values (652, '2020-02-22 01:40:23', 2679, 3);
insert into sensorValues (id, date, payload, fk_sensor_id) values (653, '2019-11-30 15:22:39', 1517, 3);
insert into sensorValues (id, date, payload, fk_sensor_id) values (654, '2019-12-16 09:39:45', 4595, 2);
insert into sensorValues (id, date, payload, fk_sensor_id) values (655, '2019-12-29 14:36:09', 71, 3);
insert into sensorValues (id, date, payload, fk_sensor_id) values (656, '2019-06-21 21:21:51', 1048, 2);
insert into sensorValues (id, date, payload, fk_sensor_id) values (657, '2019-05-04 09:11:51', 3645, 2);
insert into sensorValues (id, date, payload, fk_sensor_id) values (658, '2019-11-04 02:41:11', 628, 2);
insert into sensorValues (id, date, payload, fk_sensor_id) values (659, '2019-08-02 13:11:03', 2606, 3);
insert into sensorValues (id, date, payload, fk_sensor_id) values (660, '2019-07-04 05:36:40', 2912, 2);
insert into sensorValues (id, date, payload, fk_sensor_id) values (661, '2019-06-13 18:13:17', 6809, 1);
insert into sensorValues (id, date, payload, fk_sensor_id) values (662, '2020-02-18 09:59:25', 6581, 1);
insert into sensorValues (id, date, payload, fk_sensor_id) values (663, '2020-04-03 22:15:49', 9091, 2);
insert into sensorValues (id, date, payload, fk_sensor_id) values (664, '2019-05-03 10:43:14', -40, 2);
insert into sensorValues (id, date, payload, fk_sensor_id) values (665, '2019-08-15 00:05:10', 7319, 1);
insert into sensorValues (id, date, payload, fk_sensor_id) values (666, '2020-03-07 19:16:46', 1075, 2);
insert into sensorValues (id, date, payload, fk_sensor_id) values (667, '2019-10-04 08:01:17', 2269, 1);
insert into sensorValues (id, date, payload, fk_sensor_id) values (668, '2020-02-28 08:19:35', 141, 3);
insert into sensorValues (id, date, payload, fk_sensor_id) values (669, '2019-05-19 07:07:53', 9378, 2);
insert into sensorValues (id, date, payload, fk_sensor_id) values (670, '2020-03-12 03:23:10', 7129, 2);
insert into sensorValues (id, date, payload, fk_sensor_id) values (671, '2019-09-08 04:42:52', 2805, 2);
insert into sensorValues (id, date, payload, fk_sensor_id) values (672, '2019-11-30 15:19:25', 2439, 1);
insert into sensorValues (id, date, payload, fk_sensor_id) values (673, '2019-12-29 06:14:19', 5875, 1);
insert into sensorValues (id, date, payload, fk_sensor_id) values (674, '2020-02-03 18:44:07', 4696, 3);
insert into sensorValues (id, date, payload, fk_sensor_id) values (675, '2019-07-17 22:53:26', 7858, 1);
insert into sensorValues (id, date, payload, fk_sensor_id) values (676, '2019-07-04 02:25:28', 571, 2);
insert into sensorValues (id, date, payload, fk_sensor_id) values (677, '2019-06-02 17:38:40', 806, 3);
insert into sensorValues (id, date, payload, fk_sensor_id) values (678, '2019-12-27 08:30:47', 3231, 2);
insert into sensorValues (id, date, payload, fk_sensor_id) values (679, '2019-09-04 17:30:26', 2315, 1);
insert into sensorValues (id, date, payload, fk_sensor_id) values (680, '2020-03-01 06:12:24', 9393, 1);
insert into sensorValues (id, date, payload, fk_sensor_id) values (681, '2019-07-19 15:04:49', 1343, 2);
insert into sensorValues (id, date, payload, fk_sensor_id) values (682, '2019-10-28 08:06:36', 7111, 3);
insert into sensorValues (id, date, payload, fk_sensor_id) values (683, '2019-06-11 02:29:57', 6606, 3);
insert into sensorValues (id, date, payload, fk_sensor_id) values (684, '2019-12-02 17:15:29', 2370, 3);
insert into sensorValues (id, date, payload, fk_sensor_id) values (685, '2019-10-27 00:54:40', 8051, 2);
insert into sensorValues (id, date, payload, fk_sensor_id) values (686, '2020-03-16 20:23:25', 6574, 1);
insert into sensorValues (id, date, payload, fk_sensor_id) values (687, '2019-10-26 04:43:38', 5981, 2);
insert into sensorValues (id, date, payload, fk_sensor_id) values (688, '2019-11-25 13:08:48', 8656, 3);
insert into sensorValues (id, date, payload, fk_sensor_id) values (689, '2019-08-30 14:29:30', 4522, 2);
insert into sensorValues (id, date, payload, fk_sensor_id) values (690, '2020-03-18 22:27:09', 2486, 3);
insert into sensorValues (id, date, payload, fk_sensor_id) values (691, '2019-08-30 04:32:29', 8510, 1);
insert into sensorValues (id, date, payload, fk_sensor_id) values (692, '2020-03-23 23:39:56', 6760, 2);
insert into sensorValues (id, date, payload, fk_sensor_id) values (693, '2020-04-15 22:42:38', 4883, 2);
insert into sensorValues (id, date, payload, fk_sensor_id) values (694, '2019-09-18 16:53:15', 8957, 3);
insert into sensorValues (id, date, payload, fk_sensor_id) values (695, '2019-08-13 03:46:45', 2565, 2);
insert into sensorValues (id, date, payload, fk_sensor_id) values (696, '2019-07-23 08:01:27', 1275, 1);
insert into sensorValues (id, date, payload, fk_sensor_id) values (697, '2019-06-02 07:41:17', 8391, 2);
insert into sensorValues (id, date, payload, fk_sensor_id) values (698, '2019-06-22 01:13:41', 2933, 1);
insert into sensorValues (id, date, payload, fk_sensor_id) values (699, '2019-08-19 12:08:12', 4526, 2);
insert into sensorValues (id, date, payload, fk_sensor_id) values (700, '2019-05-11 19:53:31', 9859, 3);
insert into sensorValues (id, date, payload, fk_sensor_id) values (701, '2019-06-04 07:18:33', 2699, 2);
insert into sensorValues (id, date, payload, fk_sensor_id) values (702, '2019-05-16 03:34:15', 5567, 2);
insert into sensorValues (id, date, payload, fk_sensor_id) values (703, '2019-11-16 04:33:06', 4679, 2);
insert into sensorValues (id, date, payload, fk_sensor_id) values (704, '2019-12-09 16:40:41', 1438, 1);
insert into sensorValues (id, date, payload, fk_sensor_id) values (705, '2019-10-05 09:22:34', 8848, 3);
insert into sensorValues (id, date, payload, fk_sensor_id) values (706, '2020-02-22 09:40:53', 7639, 2);
insert into sensorValues (id, date, payload, fk_sensor_id) values (707, '2019-08-06 07:10:13', 9457, 3);
insert into sensorValues (id, date, payload, fk_sensor_id) values (708, '2019-05-24 08:20:20', 1407, 1);
insert into sensorValues (id, date, payload, fk_sensor_id) values (709, '2019-11-08 14:05:40', 2716, 3);
insert into sensorValues (id, date, payload, fk_sensor_id) values (710, '2019-09-06 12:56:06', 5902, 2);
insert into sensorValues (id, date, payload, fk_sensor_id) values (711, '2019-10-02 03:58:05', 3493, 3);
insert into sensorValues (id, date, payload, fk_sensor_id) values (712, '2019-10-19 11:18:25', 81, 2);
insert into sensorValues (id, date, payload, fk_sensor_id) values (713, '2019-11-01 18:13:58', 7327, 1);
insert into sensorValues (id, date, payload, fk_sensor_id) values (714, '2020-01-17 17:28:34', 5710, 2);
insert into sensorValues (id, date, payload, fk_sensor_id) values (715, '2019-06-30 02:01:00', 9936, 2);
insert into sensorValues (id, date, payload, fk_sensor_id) values (716, '2020-03-03 19:54:18', 7518, 3);
insert into sensorValues (id, date, payload, fk_sensor_id) values (717, '2019-07-15 09:28:02', 5052, 2);
insert into sensorValues (id, date, payload, fk_sensor_id) values (718, '2019-09-09 06:16:06', 4670, 3);
insert into sensorValues (id, date, payload, fk_sensor_id) values (719, '2019-09-29 15:38:19', 1031, 3);
insert into sensorValues (id, date, payload, fk_sensor_id) values (720, '2020-02-26 14:29:24', 8883, 2);
insert into sensorValues (id, date, payload, fk_sensor_id) values (721, '2020-03-25 18:30:49', 5335, 3);
insert into sensorValues (id, date, payload, fk_sensor_id) values (722, '2020-02-28 20:44:19', 768, 3);
insert into sensorValues (id, date, payload, fk_sensor_id) values (723, '2019-06-26 04:32:26', 2429, 2);
insert into sensorValues (id, date, payload, fk_sensor_id) values (724, '2020-01-08 20:53:19', 5952, 2);
insert into sensorValues (id, date, payload, fk_sensor_id) values (725, '2019-11-05 00:54:03', 8354, 3);
insert into sensorValues (id, date, payload, fk_sensor_id) values (726, '2019-09-05 08:09:33', 9254, 3);
insert into sensorValues (id, date, payload, fk_sensor_id) values (727, '2019-07-28 17:39:10', 988, 1);
insert into sensorValues (id, date, payload, fk_sensor_id) values (728, '2020-03-03 23:05:54', 7937, 1);
insert into sensorValues (id, date, payload, fk_sensor_id) values (729, '2020-02-04 00:20:28', 7424, 3);
insert into sensorValues (id, date, payload, fk_sensor_id) values (730, '2019-12-31 04:55:11', 7074, 1);
insert into sensorValues (id, date, payload, fk_sensor_id) values (731, '2019-10-20 08:46:50', 4200, 1);
insert into sensorValues (id, date, payload, fk_sensor_id) values (732, '2019-07-24 21:43:50', 6534, 1);
insert into sensorValues (id, date, payload, fk_sensor_id) values (733, '2019-08-26 10:54:51', 1641, 2);
insert into sensorValues (id, date, payload, fk_sensor_id) values (734, '2019-10-21 21:17:36', 3359, 2);
insert into sensorValues (id, date, payload, fk_sensor_id) values (735, '2019-08-28 15:25:15', 8288, 3);
insert into sensorValues (id, date, payload, fk_sensor_id) values (736, '2020-03-02 18:10:04', 3604, 3);
insert into sensorValues (id, date, payload, fk_sensor_id) values (737, '2020-02-05 19:15:37', 1131, 1);
insert into sensorValues (id, date, payload, fk_sensor_id) values (738, '2020-02-16 16:58:51', 93, 1);
insert into sensorValues (id, date, payload, fk_sensor_id) values (739, '2019-09-22 22:36:28', 6545, 3);
insert into sensorValues (id, date, payload, fk_sensor_id) values (740, '2019-05-04 22:09:45', 4922, 3);
insert into sensorValues (id, date, payload, fk_sensor_id) values (741, '2019-05-13 17:47:49', 6670, 3);
insert into sensorValues (id, date, payload, fk_sensor_id) values (742, '2020-04-05 15:36:34', 5731, 1);
insert into sensorValues (id, date, payload, fk_sensor_id) values (743, '2019-05-02 22:30:18', 5158, 3);
insert into sensorValues (id, date, payload, fk_sensor_id) values (744, '2020-03-08 15:47:39', 7333, 2);
insert into sensorValues (id, date, payload, fk_sensor_id) values (745, '2019-12-11 00:24:49', 2053, 2);
insert into sensorValues (id, date, payload, fk_sensor_id) values (746, '2020-01-20 12:55:16', 1787, 2);
insert into sensorValues (id, date, payload, fk_sensor_id) values (747, '2019-11-05 01:16:02', 9527, 1);
insert into sensorValues (id, date, payload, fk_sensor_id) values (748, '2020-03-27 23:38:10', 1167, 1);
insert into sensorValues (id, date, payload, fk_sensor_id) values (749, '2019-10-01 15:57:01', 6433, 3);
insert into sensorValues (id, date, payload, fk_sensor_id) values (750, '2019-11-04 16:37:25', 5156, 1);
insert into sensorValues (id, date, payload, fk_sensor_id) values (751, '2020-04-10 09:40:12', 3127, 2);
insert into sensorValues (id, date, payload, fk_sensor_id) values (752, '2019-05-15 00:03:57', 1342, 1);
insert into sensorValues (id, date, payload, fk_sensor_id) values (753, '2019-05-23 16:51:10', 2980, 1);
insert into sensorValues (id, date, payload, fk_sensor_id) values (754, '2019-09-30 05:38:54', 6131, 3);
insert into sensorValues (id, date, payload, fk_sensor_id) values (755, '2019-08-12 12:13:02', 2312, 2);
insert into sensorValues (id, date, payload, fk_sensor_id) values (756, '2019-06-03 16:39:29', 1235, 1);
insert into sensorValues (id, date, payload, fk_sensor_id) values (757, '2019-12-20 16:44:39', 830, 1);
insert into sensorValues (id, date, payload, fk_sensor_id) values (758, '2019-05-18 07:19:38', 4804, 1);
insert into sensorValues (id, date, payload, fk_sensor_id) values (759, '2020-03-07 17:19:00', -9, 2);
insert into sensorValues (id, date, payload, fk_sensor_id) values (760, '2019-10-30 11:58:15', 2117, 2);
insert into sensorValues (id, date, payload, fk_sensor_id) values (761, '2019-06-15 09:13:59', 2412, 3);
insert into sensorValues (id, date, payload, fk_sensor_id) values (762, '2020-04-04 16:55:12', 4145, 1);
insert into sensorValues (id, date, payload, fk_sensor_id) values (763, '2019-11-03 23:43:23', 1251, 1);
insert into sensorValues (id, date, payload, fk_sensor_id) values (764, '2019-07-23 15:12:38', 7934, 2);
insert into sensorValues (id, date, payload, fk_sensor_id) values (765, '2019-05-19 18:35:06', 3467, 3);
insert into sensorValues (id, date, payload, fk_sensor_id) values (766, '2019-08-19 20:57:24', 3491, 2);
insert into sensorValues (id, date, payload, fk_sensor_id) values (767, '2019-12-16 20:42:55', 743, 1);
insert into sensorValues (id, date, payload, fk_sensor_id) values (768, '2019-05-18 14:41:58', 9406, 2);
insert into sensorValues (id, date, payload, fk_sensor_id) values (769, '2019-05-14 04:07:54', 2781, 2);
insert into sensorValues (id, date, payload, fk_sensor_id) values (770, '2019-07-31 15:23:18', 7464, 1);
insert into sensorValues (id, date, payload, fk_sensor_id) values (771, '2019-04-21 09:14:38', 2777, 2);
insert into sensorValues (id, date, payload, fk_sensor_id) values (772, '2020-01-14 10:42:15', 9032, 1);
insert into sensorValues (id, date, payload, fk_sensor_id) values (773, '2020-03-16 16:41:32', 2613, 3);
insert into sensorValues (id, date, payload, fk_sensor_id) values (774, '2019-06-10 23:01:30', 844, 1);
insert into sensorValues (id, date, payload, fk_sensor_id) values (775, '2019-06-16 05:20:32', 311, 1);
insert into sensorValues (id, date, payload, fk_sensor_id) values (776, '2019-08-12 09:04:02', 8057, 2);
insert into sensorValues (id, date, payload, fk_sensor_id) values (777, '2020-01-23 18:46:41', 9260, 3);
insert into sensorValues (id, date, payload, fk_sensor_id) values (778, '2019-08-21 23:17:34', 1128, 2);
insert into sensorValues (id, date, payload, fk_sensor_id) values (779, '2019-08-21 10:16:09', 678, 2);
insert into sensorValues (id, date, payload, fk_sensor_id) values (780, '2019-04-30 13:57:21', 899, 1);
insert into sensorValues (id, date, payload, fk_sensor_id) values (781, '2019-09-25 23:09:54', 582, 2);
insert into sensorValues (id, date, payload, fk_sensor_id) values (782, '2020-03-19 21:28:23', 9530, 3);
insert into sensorValues (id, date, payload, fk_sensor_id) values (783, '2020-01-17 17:48:30', 7938, 3);
insert into sensorValues (id, date, payload, fk_sensor_id) values (784, '2020-02-14 08:59:41', 8004, 2);
insert into sensorValues (id, date, payload, fk_sensor_id) values (785, '2020-02-11 06:57:52', 4363, 1);
insert into sensorValues (id, date, payload, fk_sensor_id) values (786, '2019-06-23 05:05:11', 6984, 3);
insert into sensorValues (id, date, payload, fk_sensor_id) values (787, '2019-10-06 16:05:52', 8578, 2);
insert into sensorValues (id, date, payload, fk_sensor_id) values (788, '2019-06-21 05:47:29', 3913, 3);
insert into sensorValues (id, date, payload, fk_sensor_id) values (789, '2019-12-10 20:12:20', 4606, 1);
insert into sensorValues (id, date, payload, fk_sensor_id) values (790, '2019-11-04 19:46:37', 9123, 2);
insert into sensorValues (id, date, payload, fk_sensor_id) values (791, '2020-04-11 18:10:20', 5568, 1);
insert into sensorValues (id, date, payload, fk_sensor_id) values (792, '2020-03-07 19:57:16', 9580, 1);
insert into sensorValues (id, date, payload, fk_sensor_id) values (793, '2020-01-18 13:53:45', 9566, 1);
insert into sensorValues (id, date, payload, fk_sensor_id) values (794, '2019-05-31 13:20:42', 8480, 3);
insert into sensorValues (id, date, payload, fk_sensor_id) values (795, '2019-07-29 08:16:02', 4891, 2);
insert into sensorValues (id, date, payload, fk_sensor_id) values (796, '2019-06-14 01:09:26', 3951, 1);
insert into sensorValues (id, date, payload, fk_sensor_id) values (797, '2020-02-29 14:07:50', 4170, 3);
insert into sensorValues (id, date, payload, fk_sensor_id) values (798, '2019-05-29 13:09:53', 4354, 2);
insert into sensorValues (id, date, payload, fk_sensor_id) values (799, '2019-05-13 14:38:04', 2596, 3);
insert into sensorValues (id, date, payload, fk_sensor_id) values (800, '2020-03-21 12:24:16', 5667, 3);
insert into sensorValues (id, date, payload, fk_sensor_id) values (801, '2020-02-11 13:21:05', 1966, 2);
insert into sensorValues (id, date, payload, fk_sensor_id) values (802, '2019-05-13 10:51:11', 2203, 1);
insert into sensorValues (id, date, payload, fk_sensor_id) values (803, '2019-05-28 18:59:36', 3079, 1);
insert into sensorValues (id, date, payload, fk_sensor_id) values (804, '2019-10-10 10:36:02', 1174, 2);
insert into sensorValues (id, date, payload, fk_sensor_id) values (805, '2019-11-13 12:29:38', 3490, 2);
insert into sensorValues (id, date, payload, fk_sensor_id) values (806, '2020-03-25 11:29:24', 1199, 3);
insert into sensorValues (id, date, payload, fk_sensor_id) values (807, '2019-10-16 16:59:37', 4678, 2);
insert into sensorValues (id, date, payload, fk_sensor_id) values (808, '2019-07-06 10:26:20', 4298, 1);
insert into sensorValues (id, date, payload, fk_sensor_id) values (809, '2019-05-02 15:27:23', 419, 3);
insert into sensorValues (id, date, payload, fk_sensor_id) values (810, '2020-01-31 08:19:51', 6835, 3);
insert into sensorValues (id, date, payload, fk_sensor_id) values (811, '2020-04-03 01:58:59', 7462, 3);
insert into sensorValues (id, date, payload, fk_sensor_id) values (812, '2020-04-18 09:46:13', 8465, 2);
insert into sensorValues (id, date, payload, fk_sensor_id) values (813, '2020-04-13 07:15:50', 9196, 2);
insert into sensorValues (id, date, payload, fk_sensor_id) values (814, '2020-04-14 16:30:25', 9664, 3);
insert into sensorValues (id, date, payload, fk_sensor_id) values (815, '2019-09-03 21:37:39', 8057, 3);
insert into sensorValues (id, date, payload, fk_sensor_id) values (816, '2019-09-29 12:09:54', 9436, 2);
insert into sensorValues (id, date, payload, fk_sensor_id) values (817, '2020-01-19 12:29:16', 335, 1);
insert into sensorValues (id, date, payload, fk_sensor_id) values (818, '2019-09-25 10:17:20', 9647, 1);
insert into sensorValues (id, date, payload, fk_sensor_id) values (819, '2019-07-14 13:13:24', 4400, 3);
insert into sensorValues (id, date, payload, fk_sensor_id) values (820, '2020-02-13 03:38:43', -38, 1);
insert into sensorValues (id, date, payload, fk_sensor_id) values (821, '2019-07-22 08:49:08', 3673, 3);
insert into sensorValues (id, date, payload, fk_sensor_id) values (822, '2019-10-25 09:04:57', 3986, 3);
insert into sensorValues (id, date, payload, fk_sensor_id) values (823, '2020-04-16 16:20:10', 6981, 3);
insert into sensorValues (id, date, payload, fk_sensor_id) values (824, '2019-09-20 06:06:03', 5416, 3);
insert into sensorValues (id, date, payload, fk_sensor_id) values (825, '2019-11-20 16:19:12', -47, 1);
insert into sensorValues (id, date, payload, fk_sensor_id) values (826, '2020-04-10 10:46:41', 770, 1);
insert into sensorValues (id, date, payload, fk_sensor_id) values (827, '2019-05-28 17:42:32', 4861, 3);
insert into sensorValues (id, date, payload, fk_sensor_id) values (828, '2019-11-08 01:04:42', 6893, 2);
insert into sensorValues (id, date, payload, fk_sensor_id) values (829, '2020-04-01 22:53:10', 6851, 2);
insert into sensorValues (id, date, payload, fk_sensor_id) values (830, '2019-05-25 14:38:00', 170, 1);
insert into sensorValues (id, date, payload, fk_sensor_id) values (831, '2019-07-27 04:32:29', 746, 2);
insert into sensorValues (id, date, payload, fk_sensor_id) values (832, '2019-12-28 20:12:11', 4343, 2);
insert into sensorValues (id, date, payload, fk_sensor_id) values (833, '2019-05-20 22:11:09', 153, 2);
insert into sensorValues (id, date, payload, fk_sensor_id) values (834, '2019-07-31 05:50:41', 155, 2);
insert into sensorValues (id, date, payload, fk_sensor_id) values (835, '2019-10-13 14:14:58', 7074, 2);
insert into sensorValues (id, date, payload, fk_sensor_id) values (836, '2020-01-08 01:50:14', 285, 3);
insert into sensorValues (id, date, payload, fk_sensor_id) values (837, '2019-10-13 12:43:31', 9331, 3);
insert into sensorValues (id, date, payload, fk_sensor_id) values (838, '2019-10-18 14:14:13', 8608, 2);
insert into sensorValues (id, date, payload, fk_sensor_id) values (839, '2019-06-24 06:03:04', 9767, 3);
insert into sensorValues (id, date, payload, fk_sensor_id) values (840, '2019-10-29 06:23:18', 5138, 3);
insert into sensorValues (id, date, payload, fk_sensor_id) values (841, '2019-09-28 22:11:38', 7146, 1);
insert into sensorValues (id, date, payload, fk_sensor_id) values (842, '2019-09-01 01:41:15', 6364, 1);
insert into sensorValues (id, date, payload, fk_sensor_id) values (843, '2020-04-14 15:45:34', 1060, 1);
insert into sensorValues (id, date, payload, fk_sensor_id) values (844, '2019-04-20 15:45:11', 4186, 1);
insert into sensorValues (id, date, payload, fk_sensor_id) values (845, '2019-10-12 21:04:03', 4969, 2);
insert into sensorValues (id, date, payload, fk_sensor_id) values (846, '2019-09-13 09:49:45', 5914, 2);
insert into sensorValues (id, date, payload, fk_sensor_id) values (847, '2019-06-10 15:05:38', 5064, 3);
insert into sensorValues (id, date, payload, fk_sensor_id) values (848, '2019-08-20 17:15:14', 5032, 1);
insert into sensorValues (id, date, payload, fk_sensor_id) values (849, '2019-09-19 23:51:15', 7126, 2);
insert into sensorValues (id, date, payload, fk_sensor_id) values (850, '2020-02-13 12:23:30', 3450, 2);
insert into sensorValues (id, date, payload, fk_sensor_id) values (851, '2019-05-12 08:13:51', 1467, 1);
insert into sensorValues (id, date, payload, fk_sensor_id) values (852, '2019-09-30 20:55:39', 6154, 3);
insert into sensorValues (id, date, payload, fk_sensor_id) values (853, '2019-09-25 22:30:07', 9710, 1);
insert into sensorValues (id, date, payload, fk_sensor_id) values (854, '2020-01-26 17:39:01', 4297, 2);
insert into sensorValues (id, date, payload, fk_sensor_id) values (855, '2019-06-07 18:59:24', 1152, 1);
insert into sensorValues (id, date, payload, fk_sensor_id) values (856, '2019-09-27 23:52:37', 217, 3);
insert into sensorValues (id, date, payload, fk_sensor_id) values (857, '2019-11-16 04:27:43', 2488, 1);
insert into sensorValues (id, date, payload, fk_sensor_id) values (858, '2020-01-30 00:42:37', 5820, 2);
insert into sensorValues (id, date, payload, fk_sensor_id) values (859, '2020-02-07 03:27:28', 1320, 1);
insert into sensorValues (id, date, payload, fk_sensor_id) values (860, '2019-10-02 01:40:35', 6520, 2);
insert into sensorValues (id, date, payload, fk_sensor_id) values (861, '2019-11-28 02:47:13', 1320, 1);
insert into sensorValues (id, date, payload, fk_sensor_id) values (862, '2019-08-21 00:41:04', 2166, 2);
insert into sensorValues (id, date, payload, fk_sensor_id) values (863, '2019-06-08 19:11:31', 7139, 1);
insert into sensorValues (id, date, payload, fk_sensor_id) values (864, '2019-09-09 01:57:55', -24, 2);
insert into sensorValues (id, date, payload, fk_sensor_id) values (865, '2019-04-21 08:18:32', 4307, 2);
insert into sensorValues (id, date, payload, fk_sensor_id) values (866, '2019-11-29 16:19:57', 7030, 2);
insert into sensorValues (id, date, payload, fk_sensor_id) values (867, '2019-12-31 08:59:05', 2026, 1);
insert into sensorValues (id, date, payload, fk_sensor_id) values (868, '2019-07-04 17:12:54', 440, 2);
insert into sensorValues (id, date, payload, fk_sensor_id) values (869, '2019-12-09 12:32:31', 8382, 3);
insert into sensorValues (id, date, payload, fk_sensor_id) values (870, '2019-10-29 16:03:02', 6693, 3);
insert into sensorValues (id, date, payload, fk_sensor_id) values (871, '2019-12-07 17:12:03', 8046, 2);
insert into sensorValues (id, date, payload, fk_sensor_id) values (872, '2019-08-15 22:10:11', 4383, 2);
insert into sensorValues (id, date, payload, fk_sensor_id) values (873, '2020-02-29 02:48:28', 3865, 1);
insert into sensorValues (id, date, payload, fk_sensor_id) values (874, '2019-04-22 13:49:37', 2548, 3);
insert into sensorValues (id, date, payload, fk_sensor_id) values (875, '2019-11-22 22:10:30', 5124, 2);
insert into sensorValues (id, date, payload, fk_sensor_id) values (876, '2019-05-02 12:59:31', 1036, 2);
insert into sensorValues (id, date, payload, fk_sensor_id) values (877, '2019-12-07 05:57:26', 5689, 3);
insert into sensorValues (id, date, payload, fk_sensor_id) values (878, '2020-04-03 20:17:26', 2533, 2);
insert into sensorValues (id, date, payload, fk_sensor_id) values (879, '2019-12-02 08:58:08', 2763, 3);
insert into sensorValues (id, date, payload, fk_sensor_id) values (880, '2019-06-30 16:00:26', 2134, 2);
insert into sensorValues (id, date, payload, fk_sensor_id) values (881, '2019-09-29 01:57:51', 5853, 3);
insert into sensorValues (id, date, payload, fk_sensor_id) values (882, '2019-07-26 01:41:37', 3290, 1);
insert into sensorValues (id, date, payload, fk_sensor_id) values (883, '2019-05-03 02:59:52', 5802, 3);
insert into sensorValues (id, date, payload, fk_sensor_id) values (884, '2019-09-12 22:31:39', 7625, 1);
insert into sensorValues (id, date, payload, fk_sensor_id) values (885, '2019-10-08 23:11:46', 566, 2);
insert into sensorValues (id, date, payload, fk_sensor_id) values (886, '2019-12-06 15:37:37', 2027, 2);
insert into sensorValues (id, date, payload, fk_sensor_id) values (887, '2020-01-07 15:39:59', 4693, 1);
insert into sensorValues (id, date, payload, fk_sensor_id) values (888, '2020-04-06 17:01:00', 7371, 2);
insert into sensorValues (id, date, payload, fk_sensor_id) values (889, '2019-12-15 16:15:17', 8435, 2);
insert into sensorValues (id, date, payload, fk_sensor_id) values (890, '2019-07-22 23:07:23', 7660, 2);
insert into sensorValues (id, date, payload, fk_sensor_id) values (891, '2019-09-28 10:18:21', 6076, 3);
insert into sensorValues (id, date, payload, fk_sensor_id) values (892, '2020-04-12 05:37:32', 9717, 3);
insert into sensorValues (id, date, payload, fk_sensor_id) values (893, '2019-05-12 22:03:01', 5708, 2);
insert into sensorValues (id, date, payload, fk_sensor_id) values (894, '2020-04-07 01:37:40', 9281, 2);
insert into sensorValues (id, date, payload, fk_sensor_id) values (895, '2019-09-29 19:18:13', 6495, 2);
insert into sensorValues (id, date, payload, fk_sensor_id) values (896, '2019-07-11 20:42:16', 2171, 1);
insert into sensorValues (id, date, payload, fk_sensor_id) values (897, '2020-02-17 00:53:40', 9031, 1);
insert into sensorValues (id, date, payload, fk_sensor_id) values (898, '2019-05-15 11:41:59', 1198, 2);
insert into sensorValues (id, date, payload, fk_sensor_id) values (899, '2020-03-24 22:04:07', 6709, 2);
insert into sensorValues (id, date, payload, fk_sensor_id) values (900, '2019-05-24 10:12:36', 3835, 2);
insert into sensorValues (id, date, payload, fk_sensor_id) values (901, '2019-10-08 13:28:15', 136, 1);
insert into sensorValues (id, date, payload, fk_sensor_id) values (902, '2020-03-05 07:26:35', 7095, 3);
insert into sensorValues (id, date, payload, fk_sensor_id) values (903, '2019-04-23 00:56:28', 4083, 3);
insert into sensorValues (id, date, payload, fk_sensor_id) values (904, '2019-11-24 13:13:23', 6004, 2);
insert into sensorValues (id, date, payload, fk_sensor_id) values (905, '2020-02-29 10:50:36', 8946, 3);
insert into sensorValues (id, date, payload, fk_sensor_id) values (906, '2020-02-21 14:53:28', 8491, 1);
insert into sensorValues (id, date, payload, fk_sensor_id) values (907, '2019-12-02 13:23:59', 5330, 2);
insert into sensorValues (id, date, payload, fk_sensor_id) values (908, '2019-11-18 10:51:53', 4534, 3);
insert into sensorValues (id, date, payload, fk_sensor_id) values (909, '2019-05-15 16:44:00', 7743, 3);
insert into sensorValues (id, date, payload, fk_sensor_id) values (910, '2019-10-03 05:25:33', 5644, 2);
insert into sensorValues (id, date, payload, fk_sensor_id) values (911, '2019-07-16 00:54:04', 2010, 2);
insert into sensorValues (id, date, payload, fk_sensor_id) values (912, '2020-04-09 12:39:40', 2125, 2);
insert into sensorValues (id, date, payload, fk_sensor_id) values (913, '2019-06-14 18:03:20', 7461, 2);
insert into sensorValues (id, date, payload, fk_sensor_id) values (914, '2019-12-22 13:37:03', 2559, 2);
insert into sensorValues (id, date, payload, fk_sensor_id) values (915, '2019-12-05 10:28:25', 5216, 3);
insert into sensorValues (id, date, payload, fk_sensor_id) values (916, '2019-04-29 01:02:49', 88, 3);
insert into sensorValues (id, date, payload, fk_sensor_id) values (917, '2019-04-25 10:39:56', 9712, 3);
insert into sensorValues (id, date, payload, fk_sensor_id) values (918, '2019-07-07 20:31:59', 1658, 1);
insert into sensorValues (id, date, payload, fk_sensor_id) values (919, '2019-09-01 18:00:36', 4773, 3);
insert into sensorValues (id, date, payload, fk_sensor_id) values (920, '2019-04-21 13:11:20', 5237, 1);
insert into sensorValues (id, date, payload, fk_sensor_id) values (921, '2019-12-22 18:47:05', 5797, 2);
insert into sensorValues (id, date, payload, fk_sensor_id) values (922, '2020-04-13 15:05:15', 3543, 1);
insert into sensorValues (id, date, payload, fk_sensor_id) values (923, '2019-07-17 04:28:48', 3978, 1);
insert into sensorValues (id, date, payload, fk_sensor_id) values (924, '2019-12-18 04:25:11', 7692, 3);
insert into sensorValues (id, date, payload, fk_sensor_id) values (925, '2019-08-31 15:04:43', 5704, 1);
insert into sensorValues (id, date, payload, fk_sensor_id) values (926, '2019-10-16 05:52:57', 3402, 3);
insert into sensorValues (id, date, payload, fk_sensor_id) values (927, '2019-12-10 02:53:11', 7936, 3);
insert into sensorValues (id, date, payload, fk_sensor_id) values (928, '2019-09-30 00:02:57', 7025, 1);
insert into sensorValues (id, date, payload, fk_sensor_id) values (929, '2020-03-16 21:28:51', 1762, 2);
insert into sensorValues (id, date, payload, fk_sensor_id) values (930, '2020-04-10 01:10:35', 4427, 2);
insert into sensorValues (id, date, payload, fk_sensor_id) values (931, '2019-12-18 02:32:00', 3133, 2);
insert into sensorValues (id, date, payload, fk_sensor_id) values (932, '2019-06-08 23:22:27', 3405, 2);
insert into sensorValues (id, date, payload, fk_sensor_id) values (933, '2019-06-15 18:20:21', 4772, 3);
insert into sensorValues (id, date, payload, fk_sensor_id) values (934, '2019-04-24 02:39:23', 7208, 3);
insert into sensorValues (id, date, payload, fk_sensor_id) values (935, '2020-01-21 14:08:43', 5899, 3);
insert into sensorValues (id, date, payload, fk_sensor_id) values (936, '2019-06-11 18:21:13', 2198, 3);
insert into sensorValues (id, date, payload, fk_sensor_id) values (937, '2019-08-20 04:53:08', 6202, 3);
insert into sensorValues (id, date, payload, fk_sensor_id) values (938, '2019-05-19 20:23:35', 4104, 2);
insert into sensorValues (id, date, payload, fk_sensor_id) values (939, '2019-09-06 19:59:19', 2004, 2);
insert into sensorValues (id, date, payload, fk_sensor_id) values (940, '2019-10-28 15:38:20', 4602, 1);
insert into sensorValues (id, date, payload, fk_sensor_id) values (941, '2019-05-16 04:38:24', 8508, 2);
insert into sensorValues (id, date, payload, fk_sensor_id) values (942, '2019-08-19 05:21:08', 1593, 1);
insert into sensorValues (id, date, payload, fk_sensor_id) values (943, '2019-06-25 07:07:17', 5567, 2);
insert into sensorValues (id, date, payload, fk_sensor_id) values (944, '2019-06-30 17:24:25', 6518, 1);
insert into sensorValues (id, date, payload, fk_sensor_id) values (945, '2019-07-14 06:48:30', 7698, 1);
insert into sensorValues (id, date, payload, fk_sensor_id) values (946, '2019-11-20 03:33:40', 6442, 3);
insert into sensorValues (id, date, payload, fk_sensor_id) values (947, '2019-04-21 23:14:37', 7200, 1);
insert into sensorValues (id, date, payload, fk_sensor_id) values (948, '2019-11-24 15:32:57', 6815, 3);
insert into sensorValues (id, date, payload, fk_sensor_id) values (949, '2019-10-29 15:32:38', 3019, 2);
insert into sensorValues (id, date, payload, fk_sensor_id) values (950, '2020-02-26 00:00:52', 1835, 2);
insert into sensorValues (id, date, payload, fk_sensor_id) values (951, '2019-05-22 19:31:52', 4776, 1);
insert into sensorValues (id, date, payload, fk_sensor_id) values (952, '2020-01-29 13:57:50', 4309, 2);
insert into sensorValues (id, date, payload, fk_sensor_id) values (953, '2019-11-11 07:19:05', 2897, 1);
insert into sensorValues (id, date, payload, fk_sensor_id) values (954, '2020-01-02 14:27:26', 8904, 2);
insert into sensorValues (id, date, payload, fk_sensor_id) values (955, '2020-03-17 04:53:11', 6948, 1);
insert into sensorValues (id, date, payload, fk_sensor_id) values (956, '2020-03-22 13:58:53', 9606, 2);
insert into sensorValues (id, date, payload, fk_sensor_id) values (957, '2019-12-02 17:54:14', 1870, 2);
insert into sensorValues (id, date, payload, fk_sensor_id) values (958, '2020-03-30 07:43:16', 2653, 1);
insert into sensorValues (id, date, payload, fk_sensor_id) values (959, '2019-06-12 13:53:03', 882, 1);
insert into sensorValues (id, date, payload, fk_sensor_id) values (960, '2019-09-29 08:08:00', 1373, 1);
insert into sensorValues (id, date, payload, fk_sensor_id) values (961, '2020-02-12 17:27:38', 4777, 2);
insert into sensorValues (id, date, payload, fk_sensor_id) values (962, '2020-04-06 17:30:54', 8315, 3);
insert into sensorValues (id, date, payload, fk_sensor_id) values (963, '2019-05-04 10:37:47', 6760, 1);
insert into sensorValues (id, date, payload, fk_sensor_id) values (964, '2020-03-31 08:59:27', 1685, 1);
insert into sensorValues (id, date, payload, fk_sensor_id) values (965, '2019-07-26 08:42:20', 4324, 2);
insert into sensorValues (id, date, payload, fk_sensor_id) values (966, '2019-05-03 07:32:07', 8655, 2);
insert into sensorValues (id, date, payload, fk_sensor_id) values (967, '2020-04-18 17:36:27', 4422, 3);
insert into sensorValues (id, date, payload, fk_sensor_id) values (968, '2020-01-16 11:36:14', 7835, 2);
insert into sensorValues (id, date, payload, fk_sensor_id) values (969, '2020-04-05 11:41:07', 6830, 1);
insert into sensorValues (id, date, payload, fk_sensor_id) values (970, '2019-11-17 22:47:15', 7990, 1);
insert into sensorValues (id, date, payload, fk_sensor_id) values (971, '2019-08-11 02:16:17', 9100, 2);
insert into sensorValues (id, date, payload, fk_sensor_id) values (972, '2019-06-16 11:42:01', 4031, 2);
insert into sensorValues (id, date, payload, fk_sensor_id) values (973, '2019-08-27 03:13:29', 2811, 3);
insert into sensorValues (id, date, payload, fk_sensor_id) values (974, '2019-11-24 06:33:14', 4268, 3);
insert into sensorValues (id, date, payload, fk_sensor_id) values (975, '2019-05-18 16:44:17', 5089, 2);
insert into sensorValues (id, date, payload, fk_sensor_id) values (976, '2020-01-09 12:53:32', 1145, 1);
insert into sensorValues (id, date, payload, fk_sensor_id) values (977, '2019-09-09 18:37:46', 563, 2);
insert into sensorValues (id, date, payload, fk_sensor_id) values (978, '2019-11-17 10:30:04', 3221, 2);
insert into sensorValues (id, date, payload, fk_sensor_id) values (979, '2020-03-26 03:32:23', 3980, 3);
insert into sensorValues (id, date, payload, fk_sensor_id) values (980, '2019-09-07 00:07:05', 8623, 2);
insert into sensorValues (id, date, payload, fk_sensor_id) values (981, '2020-02-03 14:22:30', 3096, 3);
insert into sensorValues (id, date, payload, fk_sensor_id) values (982, '2020-01-08 21:59:33', 1474, 3);
insert into sensorValues (id, date, payload, fk_sensor_id) values (983, '2019-10-03 19:21:27', 452, 1);
insert into sensorValues (id, date, payload, fk_sensor_id) values (984, '2020-01-12 22:55:26', 4012, 1);
insert into sensorValues (id, date, payload, fk_sensor_id) values (985, '2019-09-04 12:35:53', 1297, 2);
insert into sensorValues (id, date, payload, fk_sensor_id) values (986, '2019-08-05 13:56:11', 2524, 3);
insert into sensorValues (id, date, payload, fk_sensor_id) values (987, '2019-06-21 05:43:50', 9272, 2);
insert into sensorValues (id, date, payload, fk_sensor_id) values (988, '2019-11-18 16:30:49', 3603, 2);
insert into sensorValues (id, date, payload, fk_sensor_id) values (989, '2019-06-10 18:18:57', 7892, 3);
insert into sensorValues (id, date, payload, fk_sensor_id) values (990, '2019-08-18 21:13:52', 2507, 3);
insert into sensorValues (id, date, payload, fk_sensor_id) values (991, '2019-08-08 21:52:57', 2066, 1);
insert into sensorValues (id, date, payload, fk_sensor_id) values (992, '2020-01-03 16:25:56', 5786, 1);
insert into sensorValues (id, date, payload, fk_sensor_id) values (993, '2019-06-16 06:52:00', 3319, 2);
insert into sensorValues (id, date, payload, fk_sensor_id) values (994, '2020-01-11 05:35:52', 821, 2);
insert into sensorValues (id, date, payload, fk_sensor_id) values (995, '2020-01-08 16:06:33', 2127, 3);
insert into sensorValues (id, date, payload, fk_sensor_id) values (996, '2019-05-16 21:51:01', 4982, 2);
insert into sensorValues (id, date, payload, fk_sensor_id) values (997, '2020-01-17 11:30:14', 7132, 2);
insert into sensorValues (id, date, payload, fk_sensor_id) values (998, '2019-06-12 02:44:06', 6584, 1);
insert into sensorValues (id, date, payload, fk_sensor_id) values (999, '2019-06-01 00:01:49', 3777, 3);
insert into sensorValues (id, date, payload, fk_sensor_id) values (1000, '2019-05-01 07:30:27', 3450, 3);
